# \logM_cut, \logM_1, \sigma, lpha, \kappa, lpha_c, lpha_s, B_cen, B_sat
13.23534,13.31489,-1.51263,1.12261,0.81321,0.41141,1.13001,-0.27326,0.39965
13.28884,13.76073,-2.36805,1.47360,0.16292,0.00902,1.12010,0.26336,0.37282
12.68237,14.30111,-1.14524,1.33019,1.25142,0.36244,1.05000,0.04782,-0.66286
12.63402,14.37479,-2.04887,1.19473,0.05521,0.34056,1.01020,0.30994,0.30485
13.12442,13.77911,-0.94154,1.43522,0.99593,0.47207,1.28180,-0.13011,0.22042
12.56321,14.06065,-2.04256,0.76292,0.81330,0.41581,0.71169,-0.00718,-0.23725
13.04772,14.25161,-1.50733,0.93023,0.96347,0.46401,0.93580,-0.02453,0.84448
13.24015,13.74843,-2.46102,1.28541,0.22189,0.13952,1.11955,-0.40631,0.86627
13.19836,13.82596,-0.68560,1.11139,0.08592,0.06122,1.08635,0.15485,-0.96939
12.68819,14.14460,-1.25904,0.84261,0.92113,0.08330,1.01147,-0.38792,0.15203
12.74399,13.36440,-2.21231,1.32044,0.29109,0.09966,0.99545,-0.48524,0.54809
13.09585,14.24055,-0.39108,1.49550,1.45707,0.12738,0.86626,-0.36270,-0.50796
12.84644,14.38015,-0.54729,0.72521,0.00150,0.05699,1.01267,0.41023,0.08287
12.86384,13.49364,-0.25707,0.70869,1.42981,0.26792,0.70559,0.24058,-0.30794
12.50144,13.67615,-0.10980,1.08465,0.52781,0.27952,1.19307,0.46289,-0.49555
12.79550,13.41405,-1.24931,1.37392,0.51769,0.05576,0.83592,0.00597,-0.43553
13.11957,13.59547,-2.58569,1.08095,0.30589,0.28527,0.73343,-0.49085,-0.93817
12.71064,13.64597,-0.23006,1.27673,1.40673,0.48317,1.01088,0.06786,-0.57464
12.99946,13.54804,-2.55247,1.22839,0.13332,0.25767,1.18606,-0.44199,0.16913
12.72176,13.85026,-2.60101,0.71912,0.32630,0.00660,1.26538,0.21887,-0.53080
12.95868,13.54367,-1.73206,0.97516,0.59451,0.12263,0.87949,-0.44554,0.93235
13.24469,14.11365,-1.78988,1.37732,1.43182,0.12725,1.03888,0.18037,-0.59130
13.13267,13.92088,-1.51724,0.71657,1.30308,0.14147,0.75650,-0.31855,-0.57512
13.00754,13.27080,-0.57774,1.41736,0.22038,0.09256,0.90715,-0.21815,-0.42763
13.24868,14.06264,-1.28468,1.23947,0.39083,0.19312,0.76432,-0.49141,-0.26705
12.46222,13.95485,-2.09299,1.38574,0.74355,0.40087,1.29803,-0.18333,0.72055
12.79310,13.80257,-0.61310,1.31452,0.05912,0.06967,0.92441,-0.01394,-0.64194
12.70561,13.90970,-0.77587,1.20473,0.55339,0.43416,0.88702,0.45344,-0.91223
12.99479,13.59292,-2.97844,1.12021,1.06348,0.06767,0.75203,0.29168,0.91430
12.80143,13.56371,-0.98958,1.47227,1.38305,0.29235,1.28433,-0.31436,0.23301
12.68460,14.15564,-0.27292,0.92205,0.84518,0.34957,0.73443,0.38553,0.73964
12.91557,13.69448,-0.77332,0.86868,0.79187,0.40034,0.90191,-0.01553,-0.19867
12.75232,14.39827,-0.36445,1.43814,1.07671,0.19014,1.28130,-0.08242,0.61145
12.45347,14.21813,-2.81127,1.19352,0.73890,0.05752,1.28423,-0.25412,-0.35220
13.07547,13.56396,-2.23980,1.22934,1.15081,0.39252,1.00016,-0.47726,0.85182
12.48979,13.43483,-2.11943,0.89641,1.01991,0.46980,1.10274,0.33283,0.24891
12.49832,13.82889,-0.24524,1.17571,1.10695,0.47314,1.24560,0.25769,0.93276
12.60671,13.77771,-1.68867,1.02308,1.33449,0.21057,1.29085,-0.12776,0.20884
13.00254,14.26146,-0.38576,1.39672,0.23712,0.22952,1.22415,-0.04615,-0.86177
12.68703,13.60052,-2.27434,0.89261,0.03494,0.09510,1.06114,-0.26675,-0.34904
12.53085,13.80898,-1.99676,1.09766,0.65134,0.46467,0.94908,0.28595,0.41294
12.85407,13.45237,-0.10021,1.28608,0.66532,0.04451,1.22077,-0.21330,-0.08192
12.46657,14.17375,-1.48753,1.10748,0.78792,0.17433,1.16502,-0.42581,-0.60311
12.56672,13.73470,-0.51732,0.83954,1.26993,0.18146,0.91262,0.12219,0.80689
12.83245,14.22010,-2.21079,1.28218,0.17903,0.27298,1.05687,0.06845,-0.47083
12.53005,13.63661,-0.01098,0.82518,0.79340,0.47529,1.14666,0.09602,-0.63961
12.88231,13.69920,-0.45039,0.80554,0.65929,0.36789,1.26131,-0.38409,-0.28822
12.42548,14.18142,-0.66760,1.25882,0.60016,0.34781,0.94570,0.35280,0.20730
12.69243,13.67233,-2.08024,1.05911,0.36142,0.21980,0.74048,0.08432,-0.53666
12.69909,14.10234,-1.06295,0.71163,1.17334,0.07652,0.91859,0.31484,-0.78275
13.06705,13.84755,-1.01198,1.37344,0.29090,0.03827,0.79392,0.43145,-0.23680
12.65189,13.25598,-0.58395,0.88425,0.30460,0.21583,1.09786,0.09740,-0.75867
13.15166,14.12319,-2.81639,0.70834,1.33362,0.41684,0.70735,0.38571,-0.92678
12.64573,14.33776,-0.30548,0.76697,0.50938,0.15536,0.95208,-0.27622,0.16040
12.99588,13.87038,-0.37174,1.22228,0.98892,0.02463,1.25992,0.40753,0.55474
13.11364,14.33614,-2.86680,1.07463,1.13735,0.26818,1.06176,0.20165,-0.31094
13.20338,14.28816,-0.37576,1.03066,0.82490,0.30374,1.05927,0.04863,0.77486
13.10047,14.26562,-0.88374,0.78073,0.39734,0.31523,0.95665,0.43834,-0.37625
13.10181,14.01854,-1.23497,0.70905,0.54393,0.18343,1.17150,-0.45421,0.41531
13.00407,13.24552,-2.39355,0.85042,1.05752,0.48072,0.70201,0.05871,-0.40258
13.00140,13.42218,-1.72172,0.82316,0.99401,0.46238,0.94083,0.27404,0.75165
13.21049,14.00284,-0.89559,1.49213,0.16398,0.26716,0.91724,0.18277,0.09565
13.10978,13.50457,-0.39259,0.76091,0.75378,0.05160,1.25454,0.45864,0.13011
13.08474,13.39191,-2.91415,1.21713,0.18533,0.49436,0.93647,0.09877,-0.03875
12.65711,14.20856,-2.58782,0.77987,1.12447,0.35430,1.17896,0.14490,-0.82991
13.05855,13.51213,-1.64690,1.08540,0.42313,0.21117,0.81847,0.49565,-0.81357
12.55616,13.76764,-0.19849,0.95676,1.35316,0.21320,0.92173,0.13557,-0.17028
13.05655,14.08771,-0.13103,1.23647,1.22361,0.07126,1.00013,-0.43044,-0.07158
12.88573,14.32854,-1.85036,0.95021,0.52620,0.09924,1.15136,0.29309,-0.91401
12.77333,13.73562,-2.72495,1.25633,1.45510,0.43739,0.85181,-0.03449,-0.03313
12.66310,13.29564,-0.89800,0.93431,0.25955,0.30352,1.25699,-0.45488,0.56233
12.67599,13.63613,-0.98288,0.97748,0.93095,0.00818,0.89068,0.14962,0.61223
12.73720,14.05734,-1.07131,1.26714,0.47357,0.10221,0.98039,0.17235,-0.88078
12.65136,13.81872,-2.94016,1.19970,0.04999,0.37725,1.19248,0.11523,0.35772
12.96460,13.73476,-1.80239,1.20130,1.26974,0.18574,1.14435,-0.44125,-0.22150
12.81993,13.97792,-0.46003,0.72086,0.58047,0.22342,0.91031,0.42488,-0.69305
12.45801,14.04960,-0.61180,1.37996,0.30698,0.45641,0.75020,-0.48995,-0.81226
12.89056,13.61790,-2.76297,1.47747,0.49195,0.04256,1.17150,-0.47056,-0.58474
12.71552,13.35762,-0.26745,1.01815,0.94702,0.25982,0.74924,-0.29781,0.17403
12.65624,14.19486,-0.19771,0.95834,0.07549,0.35839,0.76094,-0.49391,0.39554
12.98367,13.87829,-1.85936,1.27542,1.24591,0.28163,0.95639,-0.32805,0.83274
12.74008,13.25828,-1.29718,1.09465,0.78483,0.38743,0.71084,-0.46484,0.06040
12.48805,13.48230,-1.09621,1.21301,0.04197,0.12879,0.73486,0.32254,0.62145
12.91124,14.38343,-1.22504,1.21972,0.10374,0.29881,0.79410,0.10698,0.76992
13.16931,14.13407,-0.77615,0.79300,0.96624,0.06117,0.76558,0.15993,-0.06158
13.17324,14.28324,-0.55689,0.93842,1.23762,0.25220,1.08424,-0.10176,-0.84185
12.66459,13.81696,-1.23485,0.88340,1.12286,0.17889,1.05494,-0.11287,0.75723
13.01796,13.47497,-1.04401,1.23867,0.87302,0.02132,0.88248,0.00001,-0.51054
12.50242,14.23857,-1.40907,1.49907,0.02121,0.04817,0.77207,0.48234,-0.50037
13.05216,13.79028,-2.46619,0.93096,0.41327,0.44421,1.27536,0.21126,-0.88303
13.26191,13.34443,-2.33159,1.35878,1.44866,0.09912,0.76906,-0.26896,-0.30988
13.16051,13.92342,-0.67857,1.12159,0.61678,0.04989,1.18755,-0.34565,-0.98192
12.93700,13.77857,-1.13644,1.03870,0.65813,0.07326,1.14871,0.34055,-0.37322
12.66254,14.11079,-0.25410,1.26411,1.09468,0.37877,1.15129,0.13172,-0.15182
13.21017,13.25227,-0.50017,1.26948,0.42982,0.48467,0.85491,0.45545,0.20938
12.49469,13.52823,-2.82139,1.46371,0.00617,0.35281,0.99435,-0.26387,0.90262
12.98028,14.18334,-2.51496,0.94631,1.10168,0.27317,1.09876,0.39692,-0.17019
12.53969,13.52019,-0.74759,1.40330,0.55396,0.03464,0.95920,-0.18689,0.76830
12.81951,13.42243,-2.73408,0.84871,0.16714,0.14524,1.19873,0.12631,0.10014
13.27094,13.32513,-1.60062,1.40462,0.07026,0.17502,1.25595,-0.46511,-0.82227
12.46654,14.26682,-1.89173,1.31850,1.44061,0.24693,0.83031,-0.01709,-0.80136
12.58733,14.09469,-0.26987,1.08895,1.47219,0.33776,1.07905,0.45651,-0.99789
12.61293,14.13819,-0.45698,0.97343,1.34119,0.15397,0.72384,-0.32940,-0.03932
13.19871,13.72332,-2.87718,0.92961,0.36583,0.27385,1.04005,-0.17380,-0.52284
13.26244,14.20066,-0.57022,1.08457,1.27016,0.17194,0.90055,-0.44150,-0.17124
13.00348,13.58058,-1.00871,1.06711,1.37030,0.40643,1.02551,-0.19374,0.94680
12.68530,14.25018,-1.64357,0.82171,1.18163,0.46942,0.73306,0.34714,-0.24740
13.16658,13.37177,-0.16181,1.48774,1.37824,0.35605,0.72755,-0.05550,-0.74834
12.51960,14.16986,-0.32355,1.39716,0.42390,0.01598,0.85281,0.45091,-0.34715
12.94390,13.45480,-0.55053,1.35067,0.31158,0.43684,0.98513,0.28309,0.89614
12.93537,14.17235,-1.52730,0.94258,1.44120,0.21064,1.20564,0.40524,0.18964
13.17336,13.29003,-1.87152,1.14759,0.89585,0.14425,1.26998,0.19846,-0.13543
13.07848,13.43808,-0.45234,0.82717,0.90092,0.08862,1.09266,0.42769,0.83472
13.04453,14.01834,-0.39346,0.79672,0.21971,0.05952,0.93516,0.26272,0.91495
13.00925,14.16684,-1.00475,0.71189,1.22180,0.29125,0.72857,-0.04037,0.21150
13.00018,13.60445,-0.46316,1.46040,0.69649,0.41494,0.83613,-0.39818,0.36171
12.80406,13.95708,-1.63639,1.43800,0.97681,0.25872,1.01017,-0.00095,-0.41359
12.88365,13.32265,-2.13407,1.41359,1.33497,0.24329,1.19197,-0.03775,0.90312
13.22656,13.71764,-1.61881,1.43051,1.10331,0.05213,0.78070,-0.35592,-0.68439
13.12891,14.06789,-2.19063,0.74174,1.45033,0.47228,1.28717,-0.40861,0.32605
12.41005,14.35990,-0.70989,1.23871,0.90266,0.32151,1.20421,0.05558,-0.52533
12.41831,14.13965,-1.28040,1.23539,0.17679,0.45987,1.11357,-0.24143,0.28692
13.24431,13.63520,-2.87866,1.47723,1.18457,0.35118,1.18302,0.10560,-0.97790
13.25560,13.75365,-0.76200,1.37182,1.22016,0.41932,1.03870,0.18899,0.29458
12.87019,13.61447,-0.54762,0.84779,0.57931,0.40054,0.77567,0.16748,0.43473
12.47343,13.21884,-1.58013,1.15984,0.80079,0.34043,1.26837,0.25798,0.61611
12.80477,13.91736,-0.93631,1.24873,0.41832,0.35517,0.93075,-0.35589,0.79577
13.13359,14.25198,-1.79582,1.02547,0.38737,0.11554,1.00205,0.13402,-0.72792
12.54532,13.79451,-0.99618,0.89787,0.16553,0.40540,1.11403,0.04608,0.76749
12.73672,14.15692,-2.89560,1.22656,0.27476,0.07563,0.95696,0.48151,0.39232
12.53469,13.73744,-2.97946,1.12081,0.98128,0.13170,1.06609,-0.30357,0.84957
12.64755,14.32790,-0.21246,1.13757,0.79283,0.26867,1.09740,0.31034,-0.82174
12.69893,13.34894,-2.61009,1.11672,0.35322,0.21356,1.02449,-0.45188,-0.74366
13.26389,13.95094,-1.76725,1.17810,0.95135,0.16040,1.20675,-0.46067,0.67820
12.48150,14.17158,-1.43170,0.98196,1.37351,0.00577,1.26249,-0.30102,0.37431
12.74604,14.19246,-2.09961,1.40840,0.45412,0.16132,1.22781,-0.26450,-0.90576
12.40631,13.73745,-2.48297,1.12389,0.21270,0.38823,1.08308,-0.05983,0.06018
12.51779,14.05680,-2.17213,0.79379,0.37048,0.21517,0.97105,-0.43552,-0.54701
12.89474,14.31489,-0.93867,0.97714,0.41128,0.31649,0.90032,0.41046,0.16415
12.54294,14.03573,-1.67180,0.97053,0.55991,0.07870,1.20110,-0.20032,-0.47608
12.54598,14.09758,-2.94022,0.78779,0.31341,0.01448,0.88132,0.33837,0.24327
12.64672,13.77844,-1.35390,1.02590,0.71305,0.21113,1.16330,0.49102,0.08482
12.71347,13.34998,-1.48929,0.70096,0.69079,0.46776,0.94270,-0.32852,-0.55548
13.26283,13.83934,-0.36048,1.37764,1.39495,0.16198,0.98577,-0.05783,0.87715
13.26031,13.72838,-1.90256,1.41966,0.42606,0.01408,0.97861,-0.02637,-0.27262
12.51472,13.86535,-1.15197,0.70209,0.39491,0.44761,1.27933,0.23261,-0.22929
12.46806,13.92258,-2.58842,1.38431,1.23637,0.21133,0.89883,-0.40180,0.12114
12.79051,14.39011,-0.53414,0.81741,1.14791,0.06949,1.21761,-0.45320,0.91821
13.04968,14.06915,-0.90048,1.44822,0.83188,0.36756,0.91312,-0.04326,-0.76087
12.77071,14.22396,-2.09449,0.99814,1.45502,0.43533,1.26668,0.08120,0.00486
12.72930,14.04717,-0.79927,1.38574,1.24997,0.24206,0.77561,0.13085,0.57000
13.20414,13.58053,-2.59509,1.45253,0.68433,0.13722,0.84935,-0.01793,0.84687
12.63072,13.53614,-2.93810,0.80132,1.48834,0.15395,0.97787,-0.41279,-0.65059
12.84292,13.42298,-1.97091,1.48419,0.97712,0.11009,0.95309,0.36802,-0.31391
13.03311,13.86001,-0.28330,0.72380,0.47125,0.13650,1.25062,-0.05878,0.30333
12.79532,14.28632,-2.83227,1.09816,0.28358,0.35947,1.27310,-0.26080,-0.85783
12.97556,13.74520,-2.76860,1.16448,0.19866,0.03384,1.25542,0.18017,0.00261
12.60002,13.47719,-1.59917,1.34810,0.68622,0.16732,1.20474,0.16747,-0.98048
12.66638,13.64317,-1.18951,1.05943,0.25143,0.35528,0.93070,-0.35495,-0.83544
12.55739,13.85220,-2.06272,1.44926,1.26634,0.29067,0.83652,0.37578,0.35613
12.98398,13.32313,-1.62893,1.40766,0.47092,0.36274,0.89611,-0.01386,0.78518
13.20191,13.72391,-1.35436,1.34024,0.50817,0.29780,0.77089,0.10567,0.06555
13.23937,13.56431,-1.85607,0.88974,0.04817,0.25646,0.70211,0.12889,0.08611
12.88412,13.72943,-0.65152,1.27101,1.01656,0.37220,0.89842,-0.00571,0.82354
12.45126,13.75717,-2.75563,1.21731,0.68283,0.10600,1.03965,0.10958,0.46832
12.82752,13.79693,-1.33679,1.10097,0.38367,0.18593,0.86162,-0.20002,-0.89129
12.72843,14.12857,-2.84706,0.96465,0.59671,0.25316,1.05249,-0.03473,0.36249
13.02814,14.10395,-2.88676,0.96768,1.17242,0.33245,0.80674,-0.46847,-0.11161
12.94672,14.22299,-2.86133,1.43593,0.03472,0.28484,0.83817,-0.14959,-0.30310
12.94480,13.23208,-0.71853,1.48715,0.21965,0.41073,1.25019,-0.06172,-0.21216
12.51515,13.96882,-2.94014,1.09984,0.16145,0.34531,0.70552,0.46606,0.94290
12.81107,14.05249,-1.05175,1.24555,0.35003,0.14268,1.26790,-0.27152,-0.08120
13.21900,13.95681,-2.24483,0.77374,1.08561,0.43313,1.23013,-0.39944,0.48189
12.88086,13.64057,-0.03477,1.41178,0.56341,0.19953,1.03930,0.24430,0.84666
12.83445,13.40573,-1.84051,1.16476,0.93148,0.34358,1.18028,0.04474,0.85074
13.25030,14.00243,-2.08430,1.33457,1.13408,0.34197,0.88090,0.26560,-0.26061
12.85948,13.42904,-1.44639,1.39946,0.24704,0.37800,0.75211,-0.37154,0.54322
13.29812,13.26892,-2.54234,1.14684,0.62951,0.46067,0.88743,0.11510,-0.03271
12.89799,13.95112,-0.83017,0.90232,0.92249,0.18424,1.12435,0.18877,0.45194
12.85312,13.88185,-2.63819,0.85998,0.08952,0.26323,0.98701,-0.47567,0.90238
13.00802,13.78348,-2.08495,0.98022,1.47862,0.29842,0.87594,-0.27670,0.95529
12.69587,14.02244,-0.99647,1.20183,0.83822,0.10049,0.79703,-0.46510,-0.60154
12.71329,13.46325,-2.31888,1.36909,0.20911,0.14332,0.91158,0.23896,0.70525
13.28912,13.22002,-2.32811,1.20451,0.66167,0.19984,0.82141,-0.42814,0.48088
13.18530,14.38798,-1.39814,0.73157,0.68563,0.14818,0.94718,-0.21126,-0.54705
13.22525,13.40263,-1.04419,1.18118,0.55137,0.25273,1.11906,-0.10182,0.80744
12.81350,13.48226,-2.04447,0.88916,0.26675,0.22985,1.19921,-0.11112,-0.25395
13.01579,13.41999,-0.86138,1.41152,0.65314,0.46828,0.71407,-0.43001,-0.64652
12.83764,13.25321,-2.59516,0.72712,0.90063,0.26518,1.03401,-0.15313,0.70233
12.57428,13.40248,-2.27617,1.48719,0.11903,0.28876,1.02627,0.41088,-0.71079
13.15708,13.26670,-2.03474,0.97310,0.50689,0.49078,1.13405,0.06411,-0.86555
12.92847,14.01015,-1.75252,0.93230,0.77376,0.15460,1.19695,-0.34562,-0.62961
13.18647,13.58695,-0.47160,0.80872,0.44145,0.15921,1.26764,-0.01738,0.81988
13.11944,13.56151,-0.69729,1.23440,1.18877,0.40413,1.12391,-0.02175,-0.72415
12.84192,13.40670,-2.87284,0.99826,1.16885,0.03462,0.90123,-0.13247,-0.92960
12.81220,13.40458,-0.92794,0.95418,0.00662,0.35987,1.05331,0.37204,-0.42946
13.00689,14.25295,-0.13737,0.83831,0.17863,0.26574,1.08705,-0.37411,0.58924
12.89284,13.26516,-2.24545,0.81840,0.00747,0.41638,1.02847,-0.32032,0.89638
12.87734,13.53290,-2.20631,1.48127,1.43040,0.33450,0.91498,0.29907,0.05887
12.93665,13.34840,-0.13810,0.93178,1.05478,0.01628,0.75986,0.21838,0.16969
13.21892,14.38211,-2.56592,1.40031,0.15032,0.27737,1.15654,0.39000,0.47303
12.44325,13.80132,-2.54709,0.97437,0.28768,0.32959,1.13370,0.30231,0.83210
12.40093,14.31519,-2.05958,1.37405,0.20406,0.49453,0.90165,0.39665,-0.59618
13.22617,13.72195,-2.72193,1.00208,1.14143,0.22060,1.26072,-0.03509,-0.21237
12.90754,14.19682,-0.71070,0.85957,1.18485,0.01172,0.98939,-0.19740,-0.91290
12.64362,13.20946,-0.76151,1.04437,1.16916,0.25018,0.70885,0.10847,-0.39897
13.03712,13.98387,-1.75754,1.20920,0.25787,0.03581,0.93893,-0.28747,-0.53344
12.48735,13.32556,-1.09654,1.44103,0.33523,0.00482,1.26993,0.22446,0.00070
13.12689,14.30599,-2.49730,0.73462,1.06702,0.33805,0.76008,-0.09099,0.58987
12.52229,14.17548,-1.86026,0.86288,1.43699,0.24220,0.86003,0.15379,-0.92980
13.26081,13.98689,-0.50849,1.29219,0.70536,0.46993,1.17621,0.34561,-0.00735
13.14417,13.49273,-1.12985,1.13021,0.13955,0.36796,1.09155,0.45380,-0.60861
12.83308,13.35880,-2.67246,1.17072,0.38124,0.36227,0.88033,-0.03391,0.90840
12.88651,14.38105,-1.44408,0.79809,0.49470,0.20900,0.82710,0.33033,-0.42788
12.89435,14.13925,-0.48890,1.41773,0.92611,0.05433,1.15782,-0.02459,-0.25549
12.64914,13.60686,-1.86468,0.71725,1.39213,0.42210,1.10671,-0.36065,-0.94474
13.12787,13.58341,-1.64128,1.26124,0.97255,0.49725,0.84984,0.02769,0.64112
12.94805,14.08085,-0.42108,1.31306,1.12346,0.19211,1.01456,0.31010,-0.82981
13.21739,14.06328,-0.38273,1.42934,1.39019,0.24364,0.83140,0.17962,0.51859
12.64511,13.20437,-2.28887,1.04292,0.30967,0.13439,0.77574,-0.04086,-0.83001
12.65950,13.22116,-0.11830,1.35338,0.31690,0.25737,0.77457,-0.01847,-0.39294
12.64474,13.49510,-2.56198,0.78682,0.43013,0.22008,0.99672,0.01461,0.99168
13.17073,13.59517,-0.54482,1.01695,0.57360,0.16779,1.25293,-0.42895,-0.47379
12.60562,13.38628,-2.94301,0.90548,1.27463,0.18734,0.88785,0.05607,-0.66219
13.22343,13.60311,-2.29966,0.99066,0.15611,0.28323,0.76649,0.39231,0.19952
12.80109,13.56580,-0.78387,1.10982,1.21288,0.39431,0.97440,-0.17726,-0.31488
13.28911,13.37774,-0.75847,0.72555,0.96783,0.09227,0.98326,-0.10769,0.06318
13.00111,13.56841,-1.54849,1.38504,0.98268,0.42413,1.13684,-0.45971,-0.89027
13.23641,13.36855,-1.04657,1.43244,0.55508,0.12709,0.77715,0.27389,0.31204
12.95480,14.23181,-1.33340,1.47995,0.84191,0.19512,0.78431,0.30466,-0.59361
12.99824,13.33362,-0.78730,1.06344,0.49073,0.15835,0.72582,-0.02301,0.32078
12.43866,13.81524,-2.43039,1.04767,1.31460,0.35490,0.97784,0.45929,0.24998
13.05301,13.50234,-1.70217,1.23563,0.18742,0.23576,1.21245,-0.20074,0.33117
13.13967,14.25012,-1.29872,0.73112,0.86926,0.24114,1.24512,0.38089,0.06130
13.03386,14.25664,-0.63986,1.43449,0.58601,0.35293,1.14588,0.11830,0.22490
12.54062,13.75223,-0.10707,0.77533,0.82959,0.16428,0.87395,0.02833,-0.10205
12.78617,13.28120,-0.77656,1.44302,1.26270,0.26108,1.26812,-0.14081,-0.05811
13.07165,14.07046,-2.49111,0.97357,1.00903,0.03195,0.87967,0.14802,0.22285
12.58708,14.14148,-0.59872,0.74787,0.25509,0.42749,0.73914,0.12090,0.92318
12.73373,13.76137,-1.42232,1.24921,0.67439,0.06033,0.76699,-0.42793,-0.46941
13.08406,13.65128,-2.63493,1.42420,0.68179,0.42538,1.24431,-0.07397,0.94149
12.41099,14.33410,-0.52937,0.98695,0.10015,0.31359,1.01158,-0.34439,-0.93881
12.84102,14.38113,-0.26648,1.29918,0.78851,0.44510,1.05499,-0.00672,0.62963
13.02130,14.19162,-0.03731,1.12371,0.46107,0.40256,0.77508,-0.34453,0.87266
13.12635,13.74435,-2.99742,0.70261,0.31027,0.41958,1.10992,-0.48803,-0.99359
12.51462,13.78217,-1.57314,1.18157,1.33668,0.28921,1.09330,0.04228,-0.50770
12.95887,14.03038,-2.74330,1.19723,1.43415,0.30906,0.93935,-0.27357,-0.64747
12.77362,14.33421,-0.93644,1.25403,0.44842,0.08835,0.75336,-0.46878,-0.24203
13.03029,13.88423,-1.14103,1.44899,0.04177,0.44465,0.87213,-0.29639,0.97420
12.92458,13.76581,-2.80675,1.44577,0.70966,0.21698,0.85693,-0.05359,-0.43654
13.12054,14.21333,-2.04558,1.25875,0.28915,0.28328,0.74609,0.47382,-0.62835
12.62070,13.70703,-0.52818,0.90451,0.03489,0.43776,0.87550,0.07618,-0.84267
12.61932,13.45465,-1.42405,0.92738,0.68363,0.31499,1.23384,0.38551,0.70531
12.57209,13.90954,-2.93210,1.28245,0.97004,0.22979,1.09693,-0.03344,-0.11717
12.85131,13.26044,-0.95915,0.83581,0.86255,0.24186,0.74054,-0.16099,-0.70022
12.58260,13.68414,-0.03636,1.31661,0.02061,0.43412,0.98592,0.25595,0.30761
13.06428,14.30042,-0.03115,1.45517,0.59504,0.45392,1.04772,-0.38761,-0.15013
13.19874,14.32820,-1.30803,0.86106,0.76117,0.40024,1.08623,-0.01995,0.37455
12.80718,13.84767,-2.03812,1.10377,1.23631,0.00850,1.15554,-0.45441,-0.72993
12.86055,13.92329,-2.00240,0.95985,0.64201,0.33491,1.17991,0.36571,0.14405
13.25870,13.29935,-1.92640,0.74555,1.01567,0.33683,1.24686,0.36399,0.19457
12.91752,13.92776,-1.17396,0.81760,0.67312,0.32289,0.81599,-0.12038,0.61293
12.48252,14.39901,-2.47681,0.86908,0.94330,0.32573,0.77964,0.39665,0.75699
12.41880,13.47722,-0.06351,1.06436,0.87224,0.04548,1.25623,-0.03280,-0.77583
12.73509,13.72674,-1.86433,1.47645,0.48204,0.39462,0.72812,0.45283,-0.67713
12.50964,13.73311,-0.96105,0.83303,1.42931,0.16850,0.99628,-0.41873,-0.78269
13.26207,14.39025,-2.16539,0.92001,0.38495,0.40366,1.00472,0.11682,-0.61140
12.75845,13.50978,-2.85997,0.86880,0.40833,0.49163,1.03233,0.01767,-0.62916
13.02058,14.33115,-2.59572,1.07960,1.26627,0.41557,0.71773,-0.24713,0.30424
12.80214,13.52164,-1.32620,0.84325,1.38568,0.48695,0.94479,-0.06280,-0.55718
12.97424,13.43488,-0.65123,1.49856,1.45376,0.43436,1.24341,0.23692,0.93178
12.55215,13.76460,-1.75089,1.46141,0.84351,0.07234,1.21520,-0.24165,-0.39001
12.51533,13.99966,-0.60951,1.47186,0.25891,0.37279,1.21623,-0.29176,-0.04209
12.55310,13.24340,-0.73330,1.17670,0.84803,0.17063,1.03649,0.06518,0.94661
12.94470,14.35637,-1.82994,1.12325,0.30952,0.04687,1.18026,0.15789,-0.65742
12.44006,13.29483,-2.16722,0.97527,1.22153,0.27202,0.96950,0.40414,-0.14164
13.23647,13.97905,-0.71737,1.12309,0.89979,0.36502,0.83542,0.41083,0.12875
13.07300,13.41905,-0.75482,0.83403,1.25891,0.18269,0.95787,0.16155,-0.34193
12.94993,14.21726,-0.01025,0.97187,0.40719,0.47005,1.29329,-0.06494,-0.17341
12.44376,13.50111,-1.31809,0.70828,0.88041,0.09499,1.02133,0.37160,-0.21405
12.51329,13.36916,-1.87314,0.80455,1.40949,0.04930,1.28147,-0.32922,-0.27898
13.17250,13.32439,-2.12340,1.12846,0.25817,0.13340,1.16094,0.43856,-0.35745
12.89212,13.94271,-0.17997,1.30783,0.05720,0.13635,0.95478,-0.15922,0.98196
12.83063,13.22271,-1.22394,1.05348,0.24844,0.21260,0.92019,-0.38112,0.11640
12.68329,13.79200,-1.36548,1.23958,1.47627,0.10627,1.21768,-0.27154,-0.18056
12.67623,14.26400,-2.27489,1.13463,1.17386,0.02847,0.89804,-0.12332,-0.04821
12.74499,14.26004,-1.81547,1.30439,1.31572,0.25155,1.22681,0.45795,-0.61348
12.82241,14.32429,-1.11215,1.45213,1.11153,0.06076,0.91204,-0.06174,-0.66709
12.93474,14.15605,-2.51188,1.16936,0.23845,0.41785,1.04497,-0.12751,-0.40208
12.57275,13.91804,-2.41281,1.21367,1.29709,0.19257,1.29849,0.02766,0.89586
12.64806,13.22974,-1.67303,0.73731,0.04700,0.06330,0.83435,-0.13738,-0.98813
12.92354,14.13011,-1.82320,1.03741,0.53963,0.45792,0.99611,0.30794,0.26581
13.15510,13.51355,-2.68658,1.41385,0.25145,0.19567,1.09074,0.40725,0.12995
12.73260,13.63510,-2.95243,0.96070,0.57477,0.40030,0.79171,-0.36851,0.54457
13.15433,14.10693,-1.61421,0.71757,0.93464,0.28571,0.92859,0.15587,0.29743
13.11954,14.32993,-1.11192,1.42692,0.28728,0.45535,1.20894,0.03699,-0.11008
13.03632,14.36424,-2.49574,1.16549,0.86594,0.38683,0.94133,0.35823,-0.14926
12.70979,13.54104,-0.51349,0.85555,1.41442,0.01038,1.16062,-0.34526,-0.67704
13.24265,13.59144,-1.10146,1.35539,0.63910,0.42176,1.03762,0.20777,0.02583
12.50127,13.42154,-2.34243,1.40116,1.26326,0.43854,0.90464,-0.05732,0.90759
12.67486,13.75682,-1.41006,0.80928,0.23990,0.31740,1.26408,-0.31342,-0.09975
12.94553,14.29923,-2.43648,1.02223,1.31336,0.12007,1.10190,-0.15773,-0.66266
13.24917,13.64358,-1.72593,0.76414,0.39641,0.30629,1.05361,-0.05177,0.24594
12.44525,13.78610,-1.40515,1.49212,0.25245,0.00335,0.93806,0.35884,0.75248
12.63538,13.56592,-0.27314,1.03770,1.07722,0.10209,0.80141,-0.09104,-0.56220
12.46696,14.38648,-0.93606,0.84683,1.09206,0.07346,0.82981,-0.07721,-0.67197
12.85962,13.48416,-0.95739,0.84011,1.23012,0.25259,0.89437,-0.22817,0.73537
13.21316,13.77506,-0.98782,1.08988,0.60063,0.36680,0.94917,0.31529,-0.96699
13.20785,13.86159,-2.14104,0.84957,1.49050,0.09770,0.89749,0.31699,-0.64655
12.93349,14.11571,-1.10800,1.19026,0.33785,0.47730,1.17037,-0.24225,-0.12236
13.10782,14.12719,-0.45359,1.38495,0.74408,0.07554,1.09750,0.45008,0.49849
13.11003,13.59666,-2.03010,1.23613,0.63055,0.32539,0.87372,-0.44326,-0.21162
13.24494,14.09877,-1.00350,0.93955,0.95616,0.14840,0.94379,-0.12318,-0.61679
12.95337,13.73159,-2.39926,0.76691,1.28529,0.31490,1.10622,0.01617,0.27751
12.78718,13.66859,-1.13291,1.25231,0.58857,0.47806,1.29859,-0.35430,0.70928
12.94254,14.08576,-2.39268,1.25993,0.71250,0.28064,0.73230,-0.05296,0.78162
12.56341,13.58564,-0.06941,1.46295,1.06995,0.49791,0.89782,-0.00812,-0.10537
12.63410,14.32571,-1.23292,1.04580,0.88114,0.09032,0.78924,0.38059,-0.94446
12.90988,13.97768,-1.82017,1.15668,1.00802,0.17634,1.29847,0.38637,0.67218
13.08926,14.04066,-2.44730,1.14061,0.90871,0.02142,1.28576,0.42545,-0.55739
12.59295,14.08462,-2.21281,1.17874,0.75224,0.07491,1.02973,0.17895,0.15480
12.89138,14.10189,-2.93627,1.08196,0.93349,0.20353,1.24589,0.41085,0.47506
12.40829,14.04208,-2.47106,0.89654,0.69402,0.48784,1.14846,-0.28610,-0.36872
12.62381,13.85379,-2.04537,1.34677,0.84174,0.01731,1.05032,-0.04994,-0.06471
13.02896,13.37815,-1.82425,0.89598,0.29946,0.03697,1.17099,-0.31580,-0.19934
12.48507,14.30403,-1.01304,1.14055,0.85674,0.15489,1.15537,0.18044,-0.16178
13.01362,13.51631,-0.00454,0.97304,1.30509,0.34382,0.99613,-0.13104,0.32360
12.68702,14.36699,-2.61278,1.28395,0.55399,0.24464,1.11527,-0.39159,0.31092
13.01650,13.58688,-0.98094,1.10318,0.28832,0.36455,1.11455,0.12801,0.67760
12.77507,13.79864,-2.90319,1.38193,0.73551,0.03140,0.73680,-0.31627,-0.12993
12.87000,13.50061,-1.87798,1.46225,0.17325,0.26169,1.24499,0.21774,-0.29754
12.71952,14.13181,-1.60542,0.83387,0.38111,0.38203,0.84243,0.42013,-0.11806
12.44629,13.63090,-0.48951,1.19401,0.92075,0.19100,1.27935,0.02673,0.42881
12.57707,13.20127,-1.41744,1.21657,0.86299,0.04546,1.22409,-0.04728,-0.34225
12.66097,14.22826,-0.43690,1.35226,0.74558,0.47204,1.06229,-0.29706,-0.17061
12.61617,13.97645,-2.75125,1.40355,0.76950,0.15945,1.16781,0.21645,-0.85925
13.17699,14.18417,-0.93790,0.81203,0.08932,0.27692,1.12007,0.28369,-0.14184
13.29358,13.83969,-0.07146,1.25268,1.04190,0.35717,1.23482,0.00687,-0.38919
12.81138,14.26581,-1.98118,1.49535,0.85931,0.00800,0.96133,0.41822,-0.90277
12.48484,14.04089,-2.55068,1.41443,0.14165,0.42018,0.89133,-0.21574,0.21764
12.84678,13.95522,-2.25061,1.26722,0.38266,0.44661,0.99796,0.34647,-0.90134
12.53975,13.92697,-2.08418,1.01867,0.17186,0.01786,0.80131,-0.24260,0.31416
12.78680,13.76509,-0.46152,1.08245,1.12032,0.31396,1.00889,0.44262,0.50922
12.63850,14.23264,-0.48916,1.44238,1.41887,0.47298,1.24837,-0.33444,-0.61443
13.15125,14.34288,-1.33777,1.09627,1.11160,0.11629,1.08375,-0.23790,-0.06060
12.66755,13.76187,-1.63409,1.07511,0.72241,0.21372,1.06204,-0.49472,0.47919
12.78168,13.65050,-1.90854,1.46837,0.93423,0.31108,0.93177,-0.16328,0.04090
12.66507,14.26280,-0.30664,0.80363,1.44063,0.09401,0.89281,-0.38599,0.85814
13.13774,14.20253,-1.14032,0.88919,0.21589,0.18370,0.90908,-0.36354,0.67811
12.73279,14.27703,-1.21384,1.15620,0.08265,0.35218,0.91381,0.25292,0.96184
12.61582,13.39151,-2.37152,1.29374,0.50990,0.39020,0.86819,0.46776,-0.90946
12.51310,13.21078,-2.55241,0.87950,0.17554,0.08060,0.91604,0.16516,-0.42359
13.24457,14.26429,-0.25157,1.23468,0.70937,0.15904,0.89342,-0.04828,-0.50210
12.50021,13.80752,-0.73641,0.86377,0.03488,0.14327,0.70483,0.11632,-0.22576
12.62471,13.67969,-0.31970,1.43311,0.40608,0.38189,0.96540,0.16169,-0.35853
12.87446,13.53944,-1.44050,1.31431,0.27700,0.27096,1.22902,0.12959,-0.47009
12.64951,13.62514,-0.22785,0.84186,0.37499,0.22346,0.86273,0.32858,-0.85634
13.27327,14.31399,-2.88624,1.37129,0.58586,0.29296,0.76983,0.15904,-0.46543
12.79793,13.82250,-1.79687,1.37215,1.13286,0.34341,0.87616,-0.47787,-0.45480
12.57803,14.21256,-0.33598,0.94609,1.30468,0.44133,0.92113,-0.03888,0.01193
12.88553,13.62119,-1.42356,1.45264,1.26012,0.16810,1.12433,-0.01989,0.01963
12.94663,13.33728,-1.16322,1.30161,0.19456,0.21467,1.12100,0.07186,-0.76831
12.95842,13.71977,-2.44751,0.74827,1.13627,0.14461,0.91257,0.16678,-0.91124
12.69221,13.51124,-1.76913,1.06875,1.28650,0.34597,1.17179,0.23921,0.57293
13.25289,13.57115,-2.51655,0.85311,1.45354,0.01024,1.04221,-0.37865,-0.94666
12.50349,13.98889,-1.22232,0.90036,0.96325,0.34132,1.28666,0.47943,0.79058
12.45852,14.39873,-0.53170,0.75572,0.82788,0.47435,0.75980,0.42411,-0.19601
12.79492,13.36292,-2.16627,1.47950,0.73310,0.37865,1.04096,-0.12179,-0.86552
12.67748,13.82300,-2.44091,1.20197,0.29812,0.23508,1.27167,0.15537,0.07380
12.44544,13.24500,-1.03726,0.81088,0.13910,0.24541,0.77263,0.39470,-0.37944
13.28390,14.37878,-2.66697,1.00722,0.01939,0.38850,1.02808,-0.17227,-0.26635
12.91964,13.50357,-0.11115,1.39336,0.53715,0.01605,0.94331,-0.10660,-0.74867
12.53079,13.56931,-0.69341,0.76675,1.12980,0.47590,1.20292,0.08709,0.49826
12.89052,13.98766,-0.37030,0.94159,1.24938,0.15369,1.02909,-0.36329,-0.88335
12.40900,14.04253,-2.82843,1.04915,1.38589,0.44780,1.01464,-0.11910,0.62615
13.08723,14.15092,-0.96325,1.45205,1.49307,0.10601,0.71129,-0.21226,-0.70244
12.74795,13.72988,-2.20858,1.02057,0.40316,0.22550,0.93753,0.43995,-0.56888
13.02534,13.74225,-1.04473,1.34594,0.42118,0.19860,1.09043,0.01682,-0.36966
12.78399,14.14080,-1.96406,1.29269,0.30130,0.19426,0.77008,0.06615,-0.13328
13.08978,14.23860,-0.86795,1.46324,1.49836,0.31551,1.11771,-0.08149,-0.77914
13.17143,14.13139,-0.11506,1.29090,0.02630,0.37725,1.01876,-0.20634,-0.39787
13.12143,13.78652,-1.16295,1.22506,1.28867,0.47695,1.24945,-0.36076,0.40850
12.95787,13.24039,-0.21850,1.23026,0.83580,0.16613,1.26337,0.12570,-0.79365
12.46666,13.30786,-0.45227,0.97360,1.11558,0.49028,1.24298,-0.04300,-0.03562
13.18871,13.72293,-1.85861,1.33492,1.13169,0.31549,1.23795,-0.01527,-0.41496
13.13684,13.22768,-1.36675,1.49301,0.07641,0.20107,1.25212,0.46920,0.20199
12.52667,14.36545,-2.32262,1.06177,1.18341,0.14975,0.79691,-0.21310,0.36529
13.11312,13.20705,-1.69159,0.98257,0.53098,0.37177,1.28618,-0.07648,-0.00929
13.01916,13.95549,-0.61863,0.93026,0.63275,0.24972,0.85143,-0.47181,0.79275
12.43887,13.65120,-0.13621,0.96962,1.28570,0.36369,0.98126,0.36572,0.34339
12.86979,13.51506,-0.81364,1.44980,0.96036,0.34509,0.89439,-0.19748,0.56182
12.91830,13.78386,-1.98835,1.01626,0.37833,0.11091,0.98054,-0.33738,0.34260
12.49420,13.96993,-2.96658,1.21868,0.24142,0.46877,0.80974,-0.34540,0.08374
12.48482,13.69586,-2.65576,1.32123,0.30717,0.27026,1.07345,-0.05659,-0.12356
13.22717,14.11099,-1.83172,1.39187,0.75494,0.43292,1.05181,0.20029,0.94228
13.03479,13.23746,-2.52104,1.11112,0.96331,0.16254,0.76407,0.15846,-0.71210
12.67828,13.81444,-2.53577,1.38634,1.29575,0.25061,1.01443,-0.14019,-0.31198
12.98264,13.93888,-2.70469,1.42344,0.79891,0.17025,1.10428,-0.47058,-0.18821
13.06588,13.85856,-2.40405,1.08661,1.33548,0.23543,1.21526,-0.26550,0.79580
12.97288,13.58877,-2.16698,0.81762,0.87773,0.09694,1.09145,-0.26861,-0.04741
12.49889,14.25846,-2.58645,0.89209,1.07001,0.12991,0.99153,-0.48847,-0.65479
12.44697,13.56280,-1.10656,1.02056,1.38164,0.44366,0.80487,-0.20040,-0.73931
12.41575,14.16593,-1.07371,1.04359,0.88933,0.16243,0.95638,0.38677,-0.61015
12.86092,13.96468,-2.46549,1.48424,1.28084,0.42457,1.28665,0.44805,0.19377
12.93519,13.63455,-0.60570,1.42283,1.05343,0.22461,1.18596,0.02905,0.32526
12.64939,13.96328,-0.79746,1.45289,1.04111,0.31860,1.03760,0.32596,0.55080
12.54325,13.55483,-0.33371,1.02873,1.24680,0.29935,0.70431,-0.13085,-0.09562
12.76746,13.50458,-2.64857,0.81558,0.07993,0.10038,0.85599,-0.14556,-0.10071
12.49605,13.98093,-2.25817,1.35076,0.38021,0.34579,1.18299,-0.13967,-0.20849
12.49568,14.22650,-1.00029,1.15485,1.48358,0.04073,0.83162,-0.15591,0.68645
12.93568,14.15815,-2.83594,0.88375,0.62049,0.35736,0.74148,-0.35854,-0.17444
13.03250,14.12806,-0.97790,1.34006,1.19337,0.20549,1.28560,0.41071,-0.46057
12.51754,13.34393,-1.51125,0.93914,1.03997,0.07316,1.05859,0.34357,0.39193
12.78131,14.27417,-1.01376,1.02706,0.44962,0.44847,1.27846,-0.38764,0.55371
12.92807,13.89359,-1.11564,0.77200,0.03861,0.04963,1.13283,0.24125,0.03974
12.84379,13.90202,-1.26450,0.75244,0.47231,0.26655,0.83191,-0.31821,0.48612
12.96604,13.69772,-2.62078,0.99791,1.14507,0.00672,1.09849,0.06301,0.06340
13.05503,14.30231,-0.00820,1.45419,0.61628,0.33279,0.93872,0.32294,0.15448
12.48789,13.59342,-2.54406,0.81118,1.46205,0.23144,0.83077,0.05446,-0.32412
12.82413,13.26148,-2.48031,1.09379,1.36761,0.37155,0.83268,-0.18336,-0.23777
12.42961,13.72226,-1.61639,0.82516,1.03655,0.05553,0.97546,-0.19413,0.03744
12.97264,13.56920,-2.45997,1.34230,0.50459,0.00784,0.81153,-0.36338,0.04835
12.81351,14.15265,-2.99936,0.79671,0.34482,0.36444,1.06186,0.08119,0.63759
13.18909,13.60744,-1.77636,0.70961,1.21876,0.24952,0.70962,0.23227,-0.09695
13.19284,13.86444,-0.40781,0.74285,0.49896,0.02308,0.75728,-0.31412,0.38952
13.27283,13.97348,-2.18647,1.22962,0.33919,0.44226,0.90352,0.39747,0.97713
12.53363,14.13904,-0.51948,1.37166,1.08382,0.10567,1.08886,-0.44764,-0.35879
12.86424,13.58912,-0.22580,1.47302,0.19465,0.45898,0.71388,0.27065,0.87873
12.79493,13.64537,-0.48302,0.71166,0.77477,0.42175,1.28979,-0.43192,-0.18792
12.78827,13.31049,-1.32442,0.73513,0.76519,0.33022,0.81749,-0.38873,-0.32301
12.44496,13.93034,-2.30059,0.82392,0.61635,0.05764,1.24164,-0.02947,-0.22438
13.08661,14.06962,-2.63036,1.40912,0.21605,0.19946,0.93903,-0.22334,0.44285
12.58687,13.42087,-0.96295,0.87064,0.25564,0.07325,1.29462,-0.33410,-0.09112
13.11593,13.21196,-2.65716,0.79842,0.97244,0.30460,0.77738,0.12057,0.89576
13.29549,13.93110,-2.01929,1.44786,1.24771,0.41887,0.77832,0.49927,0.35454
13.25145,14.06411,-1.39819,1.18647,0.27428,0.35551,0.90053,0.43101,0.65520
12.90704,13.54081,-0.31707,0.70613,0.26130,0.03933,1.19600,-0.17968,0.51737
12.87798,13.71217,-1.66829,1.20984,0.32741,0.18719,1.08315,-0.16533,0.34388
12.48131,13.48276,-2.41943,0.88761,0.91202,0.49700,0.95261,-0.33170,0.24383
12.66240,13.94110,-1.56471,1.13967,0.94065,0.05690,1.20527,0.06765,-0.84021
12.90668,14.35804,-2.14398,1.17172,0.23227,0.12322,0.84587,-0.14558,-0.75010
12.42459,14.34242,-2.59722,0.83698,0.16096,0.23406,1.11077,-0.04995,0.53170
12.88038,13.24246,-0.85752,1.05544,1.40793,0.01764,1.16768,-0.36351,-0.14138
13.18584,13.52246,-2.98330,0.99537,1.19539,0.40603,0.70390,-0.28651,-0.94426
12.93609,14.24482,-2.83009,1.08498,1.36196,0.00187,0.95811,0.13125,-0.97865
13.13788,13.83167,-2.26370,1.18186,1.10579,0.37283,1.00806,-0.31127,-0.19736
12.50483,14.17109,-0.17883,0.90597,0.83127,0.21570,1.01252,-0.43888,-0.80067
13.16166,14.18510,-0.28604,0.74967,0.31169,0.38633,1.01209,0.44147,-0.05015
13.06082,13.42467,-2.30102,1.07281,0.75937,0.41230,0.99387,0.20503,-0.08854
13.04998,13.81258,-2.17329,0.99036,0.23310,0.38218,1.15967,0.03042,-0.86958
12.81361,13.21742,-1.16846,0.88106,0.92650,0.22951,1.13169,0.04255,0.28024
13.01729,14.05547,-2.15500,0.96192,0.19441,0.41043,1.01224,-0.44847,0.87641
12.90393,13.86607,-1.57119,1.06343,0.30161,0.36334,0.73144,-0.01183,-0.98145
12.66542,14.36839,-2.99704,0.75483,0.64981,0.18524,0.88247,-0.38284,-0.45494
12.70890,13.89971,-2.42131,0.80290,0.42340,0.47034,0.94288,-0.34041,0.19081
12.95802,13.47055,-0.98295,1.21621,0.46151,0.18103,0.71825,0.37380,-0.86710
12.46797,13.72893,-1.12608,0.75323,0.29549,0.11248,1.14019,0.05230,0.99884
13.12215,13.60682,-0.05836,0.88515,0.91333,0.46804,0.83877,0.25166,-0.57704
13.23998,13.46223,-0.77090,1.20236,1.06483,0.32325,0.77735,-0.30553,-0.33322
12.94499,13.81299,-1.52881,0.85780,1.35538,0.23758,0.88042,0.06225,0.27255
13.29497,14.30011,-1.37806,1.35630,0.31442,0.04142,1.02574,-0.35182,-0.59906
12.62941,14.33376,-1.01523,1.45155,0.06396,0.30866,0.86877,-0.29655,0.18576
12.80841,13.92365,-2.06781,1.04646,1.20707,0.42072,1.11102,0.47302,0.89179
13.03558,14.35195,-1.97138,1.14771,1.23476,0.28772,1.27221,-0.44264,0.13661
12.79674,14.03924,-0.19822,0.89897,1.38688,0.44514,1.20891,-0.41195,-0.12362
12.49853,13.83317,-1.77635,0.80272,0.84381,0.24538,0.85362,0.40139,0.89936
12.79482,13.41265,-2.49403,0.77503,0.38274,0.34063,1.14506,0.42460,-0.06269
12.83120,13.83473,-0.33764,1.00806,1.08429,0.18587,0.74393,-0.39768,0.77566
12.57531,14.39591,-2.75945,0.71533,0.30691,0.14839,0.84833,0.06758,0.30320
12.64793,14.00370,-1.96677,0.95507,0.61518,0.36981,1.09590,-0.44653,0.11360
13.28894,13.80350,-2.98372,1.26608,0.62571,0.48851,1.05562,-0.25942,-0.49592
12.40112,13.57275,-0.13576,1.02937,0.49758,0.47201,0.96882,0.20833,0.46562
13.25631,13.90241,-0.65850,0.76854,1.11748,0.33878,0.91701,-0.40137,-0.40006
13.11916,13.66123,-2.37644,0.95585,1.12761,0.31067,0.73071,0.42533,-0.29481
13.14654,14.16050,-0.95460,1.15814,0.28524,0.40958,1.27991,0.26482,-0.20571
12.80826,13.33137,-2.40660,1.01274,1.35795,0.21420,1.12001,0.07073,0.78618
13.21318,14.05569,-1.28569,1.08741,0.91579,0.20513,1.08129,-0.35063,-0.28348
12.52018,13.65652,-0.58712,0.72093,0.17982,0.04523,1.24050,0.09438,-0.50764
13.21323,13.28746,-1.09616,1.26800,0.32619,0.03438,1.03583,-0.22953,-0.40280
12.85135,13.97437,-1.40579,0.95431,0.21291,0.00280,1.17059,0.41679,-0.59248
13.11027,13.80254,-1.24439,1.42109,1.30935,0.05123,0.75870,-0.27529,-0.08403
12.56130,13.68052,-1.23073,1.13138,1.10508,0.30453,1.22649,0.21053,0.77840
12.89629,13.89928,-1.70805,1.32615,1.41960,0.23991,1.03897,-0.09764,0.50620
12.91692,14.36036,-1.15416,1.29092,1.47467,0.06220,0.87400,0.42565,-0.92044
12.85356,13.69020,-1.96529,1.34731,0.42285,0.44640,0.73993,0.15166,-0.15134
12.80672,13.63687,-1.64215,1.01769,0.18094,0.28067,0.92997,-0.43508,0.34982
12.71992,13.59012,-2.78239,1.00406,0.92503,0.17343,0.99879,0.32660,0.14578
12.46986,14.05294,-1.35471,0.83994,0.84041,0.09150,0.72075,-0.15562,0.54868
12.48903,13.99993,-1.61724,1.46625,1.01314,0.04969,0.91768,-0.33423,0.68828
13.17807,13.64069,-0.26951,0.79087,0.59853,0.34815,0.94096,0.20379,-0.83454
13.20698,13.32661,-0.18491,0.72768,1.45384,0.37505,1.29092,-0.00797,0.96171
12.68614,14.13177,-0.39128,0.80521,1.09993,0.34025,0.98916,-0.30217,0.36845
12.56048,13.59248,-2.27589,0.97297,1.04128,0.19019,1.26632,-0.40320,-0.12283
12.80862,14.38852,-0.85715,0.90245,1.41335,0.38052,1.16081,-0.42770,0.75467
12.55456,13.53422,-0.13399,0.71064,1.20016,0.39918,0.94834,0.42777,-0.80684
12.68996,14.24666,-1.77459,0.75216,0.54524,0.12640,0.91508,-0.18756,0.29960
13.04625,13.38930,-2.34369,1.45528,1.00975,0.13917,0.85379,0.46441,0.37965
12.86236,13.42077,-2.64360,1.47769,1.15302,0.44107,1.17904,-0.45220,0.82124
12.68051,14.22452,-0.40797,0.80780,1.11205,0.20460,1.26057,-0.30771,0.07235
13.18385,13.22916,-2.89152,1.43840,0.84444,0.30763,0.76433,-0.06153,0.76406
12.71806,13.33985,-2.40978,1.44611,0.60419,0.10564,0.90478,-0.17125,-0.17987
13.17608,13.76857,-0.37941,1.43942,0.78708,0.23383,0.76242,-0.31954,0.52571
12.72194,13.21480,-0.13253,1.46832,1.16319,0.14198,1.15939,-0.49637,-0.62929
12.42331,13.64364,-2.25557,1.42189,0.36258,0.09699,1.12608,0.44084,-0.00640
12.64262,14.09678,-2.44674,1.22279,1.17179,0.29496,0.75274,-0.26771,-0.49527
12.41866,13.83849,-1.92471,1.21093,0.47424,0.13752,0.78145,-0.26130,-0.48891
13.00406,14.36977,-2.91385,1.36352,0.71716,0.46595,1.01570,0.39927,-0.64577
13.06731,13.72394,-2.03301,1.42486,0.95422,0.43893,0.88253,0.38300,0.29897
13.25775,13.32516,-1.69900,1.28742,0.25256,0.04485,0.97970,-0.00546,-0.64197
13.18775,13.68967,-2.71549,1.32246,1.46929,0.22082,1.14254,0.16891,0.40441
12.73403,14.21062,-0.45858,1.06317,0.58457,0.40241,1.14842,0.42971,-0.72524
13.11808,14.03105,-1.38720,0.87953,0.70674,0.17540,0.86224,-0.43856,-0.04218
13.16532,13.73479,-0.83703,1.07933,1.24250,0.22088,1.00583,0.38399,0.07054
13.11487,13.90593,-1.93413,0.99326,1.40707,0.12186,0.89245,0.24276,-0.33165
13.13483,13.30347,-0.73628,1.27652,1.28339,0.47854,1.25459,-0.39279,-0.65546
12.64009,14.16756,-1.18561,1.49698,1.49029,0.00842,0.85373,-0.06844,0.61076
12.45371,13.85530,-2.06982,1.01683,0.51584,0.46578,0.81741,-0.18831,0.60643
12.42098,13.70724,-2.40088,1.43255,0.26634,0.43534,1.00363,0.23811,0.09462
13.03240,13.22029,-0.16456,0.80654,0.62025,0.43874,1.28122,-0.41661,-0.50844
12.64996,14.31528,-0.21591,1.16719,1.28203,0.30502,0.81479,-0.39878,0.70662
12.84954,14.01696,-2.73305,1.01088,0.31754,0.01947,1.04630,-0.28956,-0.37014
12.97466,13.34865,-2.78354,1.44920,0.44887,0.08978,0.86861,0.20657,0.86193
12.59796,13.82265,-0.80142,1.49814,0.23391,0.48708,0.90711,-0.05753,-0.53939
12.48088,13.87741,-1.73302,1.24135,0.76190,0.41222,0.87202,-0.37348,0.22110
12.87447,13.86778,-0.51203,1.20964,0.35079,0.30457,1.18248,0.12195,-0.87391
12.68982,13.98163,-2.92089,0.78752,0.49771,0.25812,0.95597,-0.31947,-0.74944
13.00802,13.67063,-0.77360,0.84094,1.08676,0.25894,0.89038,-0.10747,0.94732
12.87170,14.07803,-0.86527,0.92341,0.79902,0.33009,0.74325,0.30209,-0.02484
13.00284,13.62500,-2.26618,1.25808,1.35797,0.43605,1.07207,-0.15481,-0.07186
12.48751,13.86708,-2.30464,0.88830,0.31176,0.02410,1.27475,0.04484,-0.82583
12.85542,13.63294,-0.90021,1.25234,0.32158,0.10904,1.17937,-0.23427,-0.58899
13.19373,13.73135,-0.25129,1.44031,0.90209,0.15070,0.82234,-0.29126,-0.26754
13.17737,14.29850,-2.44719,0.89162,0.08802,0.36064,1.22446,0.31290,-0.23641
12.83923,13.65336,-1.49380,0.77025,0.07255,0.38484,1.27436,0.35282,-0.25856
12.79355,13.89512,-1.91207,0.86056,0.31283,0.23121,0.98652,0.00154,-0.62529
12.49251,13.66880,-1.08542,0.83947,0.25380,0.32760,1.11802,-0.20452,-0.21397
13.29884,13.33843,-2.42943,0.73201,0.53656,0.25171,0.98177,-0.09351,-0.06895
12.81749,13.54902,-1.13589,0.92673,1.18664,0.33851,1.02935,-0.37672,0.12085
12.83697,13.27687,-2.62994,0.73220,0.62651,0.17279,0.90210,-0.45499,-0.39474
13.11654,14.11962,-1.94716,1.21909,0.66430,0.01993,1.26544,0.24570,-0.33642
12.86089,13.40118,-0.17276,1.06518,0.24870,0.21507,1.06612,-0.41089,-0.31480
13.23750,13.51316,-2.28954,1.39939,0.71086,0.04008,1.07492,0.28630,0.08160
12.88580,14.08560,-1.45505,0.89400,1.38186,0.22812,1.11736,-0.39772,-0.38834
13.17628,13.31875,-1.16274,1.28224,0.34581,0.44282,0.91833,0.17486,-0.18938
12.49685,13.65357,-1.18856,1.47916,0.51096,0.17382,1.19006,0.31356,0.18312
13.22362,13.53909,-1.40859,0.77139,0.10423,0.26315,0.82019,-0.00292,-0.80742
12.78172,14.12049,-2.67681,1.10397,1.44241,0.39273,1.16044,-0.30660,0.36697
12.65241,14.09116,-1.17951,1.11276,1.43731,0.17117,1.29046,0.18012,-0.92592
12.79213,13.41255,-1.12433,1.15584,0.85514,0.04951,1.09495,-0.30667,0.29550
12.90154,14.19847,-0.37964,1.21042,1.45336,0.19954,0.87504,0.43132,0.42884
13.13074,14.04252,-0.83163,1.35837,0.20970,0.23751,1.25198,0.16864,0.26346
12.95280,14.26078,-0.97075,0.78662,1.34827,0.06798,1.20235,-0.34152,-0.54123
12.59654,13.88144,-1.85966,1.18798,0.14592,0.01794,1.08928,-0.09949,0.03194
12.91464,13.61510,-2.20323,1.35511,1.32741,0.02015,1.19962,-0.04356,0.62590
12.97108,13.58758,-2.45424,0.78514,0.18230,0.18875,1.16083,0.43338,0.07161
12.85659,13.42558,-2.66604,1.39578,0.43447,0.40138,1.13140,0.31724,0.99969
12.41561,13.25381,-2.07111,1.21123,0.52694,0.03626,1.08409,0.02852,0.28702
12.48351,13.73789,-2.39705,1.25497,1.48124,0.23050,1.00796,0.26976,0.73096
12.69416,13.43231,-2.93315,0.73708,1.12990,0.44184,1.21089,-0.48488,0.70434
12.78303,14.27630,-0.03904,0.70119,0.33783,0.36387,0.72276,0.17539,0.29617
13.19509,13.69941,-1.87604,1.29177,0.47260,0.04639,1.22245,0.43252,-0.45202
13.18708,14.36959,-1.84115,0.98589,0.33693,0.22344,0.73953,0.32792,0.35793
12.56383,14.32882,-1.15926,1.37783,1.30348,0.13130,1.28416,-0.46420,-0.83890
12.54079,14.14211,-0.36448,0.82105,0.38497,0.42572,1.15880,0.20733,0.85694
13.15984,13.84794,-1.24724,1.04386,1.10267,0.49479,0.85300,0.41423,-0.36338
12.53228,13.83840,-0.03295,0.98317,0.11228,0.27940,1.15394,0.05919,-0.23215
12.62055,14.27713,-2.27902,0.83867,0.27028,0.35208,1.01014,-0.20975,-0.11682
13.05304,13.85604,-0.88738,1.49685,1.25664,0.31468,0.92499,0.06517,0.22384
12.51313,13.85654,-1.11120,0.87392,0.70787,0.40128,1.16548,-0.48370,0.31016
12.53802,14.13102,-1.53464,1.44795,0.21994,0.44006,0.92228,-0.07921,-0.37725
13.23412,13.91160,-2.19059,0.86120,1.00260,0.38255,1.14393,-0.00496,-0.00226
12.66348,13.97484,-2.60328,1.12161,1.15303,0.07279,1.00014,0.19561,0.69977
12.63449,13.80472,-0.47846,1.49475,0.41143,0.01650,0.85658,0.02361,-0.09150
12.43873,13.75551,-1.20738,1.40943,1.30430,0.49663,0.74135,-0.48068,0.26199
12.93260,14.11347,-1.71261,1.10112,0.20237,0.42629,0.89045,-0.01749,-0.87094
13.09970,13.82527,-1.00336,0.96159,0.29092,0.17286,1.09389,-0.37559,0.48886
13.24824,13.76962,-1.57769,1.00372,0.57960,0.39063,0.95179,0.24995,0.67348
13.12222,14.00335,-2.25564,0.91791,0.07538,0.02007,0.95327,-0.27004,-0.63164
12.83362,14.21074,-2.56546,1.39461,0.13773,0.16840,0.80111,-0.48683,0.67886
12.40009,13.45617,-2.72551,0.94642,1.49578,0.28234,1.10136,-0.08363,0.59164
12.54922,13.64688,-0.01379,0.96153,1.18501,0.47997,0.77162,0.21110,0.49987
13.10023,13.57536,-1.72231,0.87060,0.25859,0.15366,1.13004,-0.38849,0.57551
12.92415,13.77709,-1.03996,1.35768,1.28861,0.03930,0.82603,-0.04981,-0.64788
13.28286,14.14527,-1.52417,1.20287,1.20078,0.43449,1.09334,-0.08497,-0.81011
12.97273,13.36720,-2.96744,1.47311,1.14933,0.46880,1.24738,-0.44152,0.21756
12.91417,13.58386,-1.82720,0.93714,0.40758,0.46546,0.80525,0.12172,-0.33886
13.28143,13.20120,-0.68251,0.76107,0.37327,0.27818,0.85297,0.24414,-0.01807
12.82527,13.55061,-2.82742,1.04997,0.14472,0.26819,0.77186,0.24917,0.53231
12.74357,13.22758,-0.76550,1.43292,0.11855,0.25908,0.77155,-0.03949,0.66416
13.17934,13.72170,-1.70249,0.98583,0.92561,0.38752,0.73376,-0.13808,0.21380
12.47967,13.93531,-2.66773,1.32991,0.17650,0.32678,0.81938,-0.03481,0.93672
12.95283,14.30264,-1.73967,1.31949,0.38848,0.15331,0.99929,0.28964,0.71893
13.01350,14.35084,-1.57058,0.84999,0.12337,0.09229,1.27888,-0.24732,-0.85025
12.43714,14.00638,-1.80150,1.06517,0.29918,0.12170,0.91027,-0.41077,-0.16774
12.61066,13.51900,-2.03573,0.74654,0.22154,0.35274,1.00216,0.07004,0.68137
12.83276,14.23206,-1.74179,0.70047,1.28758,0.35384,0.96813,-0.20370,-0.19756
12.53585,13.99175,-2.30661,0.74368,0.63000,0.08444,0.82766,-0.00780,-0.94502
12.83630,14.33725,-1.88021,0.83891,0.41724,0.01710,1.26333,-0.00693,0.46889
12.97756,13.80725,-1.30435,1.15119,0.40321,0.29865,0.77012,0.19103,0.54438
12.81610,13.32361,-0.51535,0.83521,1.00946,0.22600,1.05327,-0.20617,-0.46141
13.01553,13.95829,-1.92322,1.25383,0.94484,0.18106,1.08441,-0.27811,-0.54648
12.82809,13.47843,-1.34892,0.87367,0.14513,0.45984,1.11341,0.22994,-0.04900
13.13865,14.12336,-1.57950,0.87769,1.12039,0.16871,1.26002,-0.37373,-0.59056
12.75001,13.97221,-0.30085,1.02133,1.37838,0.24038,1.15661,0.26143,-0.77043
12.58817,13.42458,-1.49495,0.82653,0.01166,0.37858,1.20518,-0.47008,0.63411
12.69698,14.25476,-1.20595,1.49686,0.12385,0.20718,1.27046,0.03923,0.67565
12.67227,14.15656,-0.34745,1.27204,0.84077,0.47680,0.71264,-0.16212,-0.17667
12.58559,14.12413,-0.72825,1.25762,0.62688,0.26629,1.11001,-0.00152,0.83725
12.97316,13.43255,-0.15590,1.39159,1.32566,0.35854,0.70405,-0.09079,-0.64145
12.81150,13.38260,-2.12742,1.48667,0.97406,0.37736,0.84114,0.32216,0.92702
12.84791,13.36350,-1.99160,1.09012,0.10271,0.35504,1.08421,0.10801,0.54816
13.12717,14.03492,-1.69318,1.09606,1.38866,0.36443,0.74025,-0.25501,0.42623
12.88299,13.50708,-2.11466,0.84306,0.40154,0.42691,0.96895,-0.49351,-0.10383
12.49371,13.32214,-1.00833,1.04857,0.81957,0.15448,0.91431,-0.44759,0.24818
12.74253,13.50833,-0.82017,1.47109,0.64774,0.29706,0.81154,-0.34844,-0.59980
13.23477,13.25786,-1.52172,0.77072,0.41743,0.00915,0.85835,0.48140,0.35303
12.80068,13.26662,-0.07005,1.32858,0.35919,0.25951,0.72236,0.26886,-0.23313
12.74803,13.78121,-0.69651,1.19842,0.60529,0.11937,0.87213,0.46859,-0.29172
12.98305,14.23765,-1.60414,1.19989,1.04794,0.04914,0.93324,0.00890,-0.42289
13.11883,14.15726,-1.57106,1.39841,0.27285,0.44505,0.96290,-0.45186,-0.82895
13.02189,13.44367,-0.68314,1.07171,0.69256,0.46004,1.15964,0.31836,-0.78882
12.58759,14.13887,-2.01065,0.82292,1.03869,0.07385,1.20950,-0.05670,0.01454
13.24459,13.85319,-2.61814,1.49755,0.42981,0.44543,0.97509,-0.17973,-0.70781
12.70589,13.65725,-1.13785,1.19071,0.17383,0.29026,0.91875,-0.40390,-0.19036
12.70961,13.33703,-2.26051,0.89688,0.85780,0.31697,0.97652,0.05652,-0.49053
12.99246,14.03609,-0.23507,0.79118,0.44531,0.30544,1.15097,0.42105,0.09672
13.09147,13.99691,-2.27406,1.07558,1.39766,0.39109,0.76995,-0.00972,0.06005
12.65754,13.82414,-2.88819,0.88189,0.72255,0.48439,1.02655,-0.04046,-0.09850
12.98684,13.93553,-1.30930,0.72920,0.48878,0.27308,1.06005,0.40892,-0.50401
12.51104,13.56755,-2.66040,0.79699,0.88585,0.01697,0.83798,0.08473,0.31577
12.62544,13.51782,-2.68410,1.12702,0.30177,0.46868,1.07240,0.48944,0.47810
13.23966,13.96580,-1.20795,1.30262,0.78008,0.47990,0.99713,0.44565,-0.55327
12.71473,13.59756,-0.06983,0.73144,0.08948,0.25174,1.26975,-0.22867,-0.44570
12.42567,13.24134,-1.58602,1.40023,0.68586,0.00140,0.96885,-0.42704,-0.15888
12.57607,13.31074,-1.61175,1.48804,0.50962,0.40204,0.95443,0.25713,0.91862
12.83465,13.92743,-1.56141,1.20605,1.34439,0.49246,0.74570,-0.22434,-0.83740
13.02030,14.07322,-0.80156,1.17803,0.06151,0.42514,0.79265,0.02879,-0.24829
12.94937,13.90669,-0.94291,1.47668,0.05499,0.47883,0.88672,0.16786,0.98751
13.13793,13.82589,-2.72996,0.79054,1.21160,0.29767,0.80484,0.21093,0.37597
12.43102,14.01688,-0.16621,1.18664,1.20539,0.42895,0.72594,0.30890,0.66122
13.11790,14.27751,-0.97225,0.94665,0.73440,0.08821,0.75711,0.15564,-0.81845
12.75373,14.36479,-0.68338,1.34029,0.90358,0.15208,0.78604,0.12143,-0.44627
12.69874,14.19241,-2.77599,0.78822,1.47994,0.08445,1.27905,0.37827,0.64375
12.66308,13.30749,-1.59431,1.44083,0.02168,0.35119,0.96799,0.24395,-0.07255
12.40251,13.99937,-0.16610,0.85867,0.19773,0.43185,0.90465,0.39811,0.11078
12.83825,13.78046,-2.07044,1.21463,0.80002,0.22327,1.04295,-0.04756,0.94351
13.15202,13.44256,-2.99068,1.23484,0.75060,0.43679,0.97188,-0.24215,-0.11341
12.67677,14.18035,-2.95815,0.85479,0.69274,0.49057,1.26480,0.42652,-0.25384
12.59706,13.89747,-0.56944,0.95311,0.64533,0.22430,1.27895,-0.24424,-0.44186
12.44978,14.30872,-2.51349,1.41097,0.00737,0.48254,0.89462,0.08381,0.75029
12.52421,13.78722,-1.67609,0.78409,0.92077,0.17949,1.18144,-0.21335,0.56567
12.60591,13.90574,-1.04336,0.87468,0.78050,0.39639,0.96170,-0.31441,-0.30131
12.98503,13.88306,-0.39354,0.76529,0.15851,0.01835,1.15738,0.02771,-0.82772
12.40804,14.23371,-0.87017,1.43264,0.67894,0.21415,0.96490,0.30103,0.30847
12.96435,13.50743,-1.01962,1.37434,0.75593,0.46764,1.08209,-0.32394,-0.54763
13.05053,13.62986,-1.89561,0.93585,0.78290,0.14767,1.06410,-0.11385,-0.39789
12.68912,13.49289,-0.40774,0.89771,0.01116,0.42869,1.17531,-0.01877,-0.07710
12.97581,13.39105,-2.53628,0.97170,0.89131,0.38300,0.82119,-0.38337,0.23135
12.83620,14.02635,-0.22722,1.48973,0.97661,0.21202,1.19671,-0.02350,0.27843
13.14849,13.80359,-1.87591,0.93542,0.41600,0.14622,1.00329,0.41157,0.60061
12.41405,14.18435,-0.83483,0.71074,0.68215,0.44517,1.20072,0.39616,0.69772
12.40099,14.01162,-0.00786,1.10285,1.11676,0.11049,1.18482,-0.34864,0.67979
12.45815,13.80671,-0.42333,1.31575,1.27389,0.47979,1.18452,-0.17933,0.12326
12.86650,14.17594,-0.54981,1.08341,1.35163,0.18886,0.98966,-0.11873,0.14895
12.67931,13.86256,-2.49165,1.26084,1.06430,0.23596,1.07744,-0.06269,-0.56861
12.82977,14.10640,-2.48755,1.30848,1.43087,0.28697,1.12723,0.46484,0.89527
13.02833,13.99831,-0.40914,1.28677,0.29269,0.25467,0.74436,-0.48623,-0.85021
12.78583,13.40617,-0.78984,0.74993,0.42580,0.42956,0.79617,0.22148,-0.02507
13.07150,13.79186,-2.47340,0.82039,0.01485,0.01449,0.93263,-0.05151,-0.32324
13.12824,14.28181,-2.63687,0.93557,0.01341,0.15288,0.86680,-0.21867,0.02924
13.26247,13.95935,-2.03505,1.17800,0.43866,0.34736,0.72071,0.49401,-0.64404
12.76951,14.03163,-0.32626,0.85882,1.44607,0.18020,0.87911,-0.38031,-0.71163
12.57236,13.34787,-2.45080,1.43121,0.95153,0.20862,1.10791,0.19758,0.09720
13.13164,13.48051,-1.62467,1.07522,0.80030,0.44634,0.86523,0.27665,0.15432
12.88919,14.07657,-2.48307,1.08640,0.39728,0.24339,1.08935,0.15725,0.49998
12.50840,13.91382,-0.90182,1.21727,1.18910,0.37627,0.82101,-0.38358,-0.66871
13.23773,14.14807,-0.64193,0.74391,1.34216,0.28542,1.11171,0.35727,0.22499
12.85731,13.96561,-2.11930,0.85970,0.44852,0.17089,0.79133,-0.01953,-0.61396
12.99216,14.06481,-0.69129,0.72069,0.64823,0.33693,1.01174,-0.17610,0.43013
13.25947,13.37816,-0.86225,1.44415,0.22087,0.35953,1.19723,-0.03599,0.24014
12.66662,13.84433,-0.22354,1.06121,0.84692,0.45509,1.28285,0.27626,0.30879
12.77244,13.89605,-2.03880,1.29789,1.06345,0.13246,0.76901,0.42354,-0.69790
12.51027,14.36395,-1.80591,1.10413,0.89756,0.26642,0.92800,-0.14137,-0.72402
12.41762,14.03217,-0.46760,1.26787,0.83379,0.44878,1.01246,-0.34174,0.12900
12.78054,13.99299,-2.33813,1.09891,0.95376,0.08272,1.17905,0.22727,-0.96011
12.91912,14.33298,-0.29407,0.81964,1.27889,0.16516,1.01759,-0.04497,-0.77901
13.02316,13.83875,-2.51130,1.28809,1.31154,0.23909,1.11074,-0.01098,0.88160
12.44012,13.26364,-1.21929,1.42848,0.26735,0.26168,1.20148,0.11853,-0.17702
12.48914,13.52466,-0.28499,0.71748,0.35011,0.08394,0.75923,-0.03680,0.19887
12.95121,14.35401,-2.83570,1.44289,0.67659,0.42290,1.24787,-0.37287,0.44740
12.69070,14.19526,-2.23219,1.04510,0.74918,0.40979,0.72899,-0.00804,0.12391
13.29721,13.46209,-0.08377,1.03724,0.65199,0.19837,1.06921,0.38812,-0.67183
13.01973,13.24864,-2.30054,0.99544,1.05600,0.14875,1.29333,-0.19144,-0.32929
13.20830,13.75913,-0.26188,1.01679,0.18955,0.36233,0.83140,-0.08546,0.33603
13.19708,14.33989,-0.28458,0.80020,0.04441,0.45534,0.70883,-0.31846,-0.07085
12.93586,13.49814,-2.39060,0.99788,1.00187,0.09166,1.08068,-0.45262,0.19646
12.40396,13.23444,-0.36628,1.37780,0.47926,0.43538,1.03686,-0.05363,0.29985
12.79158,14.25238,-2.72748,1.48982,0.95395,0.17649,1.04763,-0.23661,0.71101
13.07896,14.31199,-2.31939,0.74728,0.58062,0.19817,0.80370,0.02718,0.04323
13.25420,13.57215,-2.03904,1.41210,0.32488,0.48816,1.04740,-0.42707,-0.88464
13.15774,13.93859,-2.11277,1.36329,0.24784,0.35760,0.90001,0.25699,-0.08082
13.17949,13.65758,-1.13464,1.34802,0.45459,0.48644,0.71518,-0.02798,-0.23468
12.56852,13.57286,-1.61392,0.71816,1.19169,0.30947,1.08072,-0.33641,0.90373
13.05767,14.34838,-2.76268,1.27074,0.20835,0.32457,1.02722,0.06947,-0.54312
12.47576,13.50451,-1.92638,0.86111,0.22512,0.14668,0.73577,-0.27181,0.26399
13.03228,13.29946,-0.80918,0.92309,0.93106,0.33241,1.03868,-0.46386,-0.54820
12.75830,14.21417,-1.17359,1.43070,0.62853,0.27143,1.05739,0.22799,-0.58364
12.43613,14.07219,-1.02136,0.84652,0.23410,0.38771,0.72470,-0.31867,0.34758
12.83001,13.56208,-2.79164,1.47433,1.12664,0.25872,0.97933,-0.04944,-0.60239
13.20315,13.26243,-1.31637,1.18093,1.37643,0.34833,0.85058,0.30493,0.92362
13.27175,13.48124,-1.42174,1.10359,0.06665,0.35800,0.78358,-0.23511,0.23378
13.11672,13.43065,-1.58084,1.17409,0.86208,0.37478,0.87006,0.36278,-0.48749
12.55862,14.27803,-0.32061,0.87126,0.85646,0.00750,0.87377,0.00928,0.51563
12.88047,13.55710,-1.69163,1.05540,0.44011,0.23476,1.17833,-0.43251,0.52156
12.62563,14.15907,-1.67127,1.39845,1.06199,0.23966,1.19322,0.44350,-0.16061
12.62960,13.25717,-0.97638,0.82115,0.75280,0.49923,1.24284,-0.16617,-0.70830
12.57933,14.02761,-0.39742,1.01620,0.88176,0.01913,1.17127,0.36352,-0.40809
13.15727,14.17743,-0.96156,0.71157,1.22598,0.05468,1.10613,-0.35333,-0.51251
13.27617,14.12887,-1.91736,1.33226,1.48173,0.44537,0.74710,0.34719,0.51741
12.82324,13.70478,-1.23473,0.77621,1.44065,0.19145,0.96800,0.43175,-0.76712
12.48552,13.23294,-0.51419,1.48121,0.60814,0.40747,1.07658,0.47559,-0.49888
12.87858,13.49964,-2.33834,0.82612,0.17545,0.46580,1.07784,-0.23579,-0.86924
12.58471,14.04786,-2.20641,1.09191,0.47996,0.11639,1.03841,-0.07017,-0.34156
12.95067,13.45868,-2.57670,1.40190,0.43491,0.18033,0.93891,-0.29061,-0.09061
12.57763,13.33301,-2.34321,0.88444,1.37007,0.09906,0.92042,0.05095,0.85196
13.27886,13.80906,-2.66909,1.35702,1.01591,0.41236,0.87996,0.13812,0.84944
12.53630,13.93570,-2.03976,0.92890,0.95720,0.33545,0.80720,0.34148,0.07918
12.98435,13.84532,-1.65479,1.21596,0.33371,0.05225,0.99979,-0.30315,0.42128
12.93521,13.72324,-1.00910,0.89968,0.48958,0.05353,0.93079,-0.10651,-0.27685
13.24213,14.33076,-1.32404,1.29582,0.19649,0.27495,0.81162,0.47454,0.22193
12.57240,13.83701,-0.61192,1.21032,0.70421,0.02447,0.96090,-0.16904,-0.12167
12.49076,13.72325,-2.80257,1.27357,0.84709,0.09745,0.81078,-0.35014,-0.06528
12.47466,13.86703,-0.76356,1.15403,0.57123,0.44236,1.01689,-0.28263,0.70616
13.27658,13.42515,-1.32849,1.37718,0.47779,0.26206,1.06557,-0.47453,0.00556
13.29667,14.00179,-1.07825,1.22256,0.08596,0.12246,1.21135,-0.18344,0.39011
12.88439,14.32541,-0.24771,1.04406,0.37772,0.01622,0.75193,0.11141,-0.13574
13.03246,13.51358,-0.56556,0.94322,1.39833,0.43641,1.01531,0.02877,0.32043
12.92351,13.85465,-0.67290,0.72406,0.96384,0.06401,0.78531,0.29432,-0.00638
12.45079,14.38830,-1.91283,1.14353,0.69829,0.30002,0.80965,0.08299,0.36313
13.15481,13.73162,-0.73410,1.25825,0.92043,0.39157,1.16332,0.14409,-0.65115
13.03543,13.64201,-2.21412,1.40602,1.22519,0.04264,1.01726,-0.18063,-0.88279
12.96984,13.76852,-2.91000,1.07814,0.91069,0.22497,1.01575,0.36946,0.65074
12.93310,13.28876,-1.12799,0.94347,0.07280,0.48898,0.81122,0.38424,0.79966
12.77597,14.25207,-1.81933,0.83033,0.93211,0.00748,1.14100,-0.26014,0.68991
12.57084,13.80619,-2.41933,1.09025,0.75182,0.41652,1.01999,-0.15651,0.84746
12.53279,13.46788,-2.36308,1.25043,1.30727,0.32557,0.94647,-0.44234,-0.41973
13.23421,13.60708,-1.23815,1.02701,0.88274,0.46255,0.85560,-0.42219,-0.13354
12.93089,13.40969,-0.50923,1.20995,0.22185,0.10712,0.96515,-0.13169,-0.39429
13.00336,14.08307,-2.58139,1.31010,1.08521,0.05814,1.16827,0.21647,-0.20530
12.89661,14.07092,-1.10255,0.80562,0.61525,0.08374,1.08621,-0.11606,0.16465
12.98280,13.73881,-1.52491,1.41588,0.06176,0.13981,0.95081,-0.30141,-0.65813
12.84921,14.19528,-2.41697,1.13922,0.25402,0.28368,0.70112,0.34612,0.86546
13.06447,14.18599,-1.84551,0.77351,0.79865,0.14911,0.71608,-0.21436,-0.47799
12.50362,13.60929,-1.69165,1.26312,0.78878,0.42421,0.86946,0.13856,0.32634
13.15606,13.59498,-0.10691,1.03855,1.44823,0.39841,1.27446,-0.36681,-0.14078
13.14669,13.59823,-1.28559,1.35348,0.24757,0.08264,0.80039,0.47189,0.60191
12.47520,14.28497,-1.87757,0.72129,1.34485,0.01929,1.15009,-0.39249,0.78261
12.81137,13.29896,-0.49828,1.00802,1.00765,0.28010,1.18932,0.10220,0.97884
12.61053,13.23272,-2.96628,0.94435,0.18348,0.08966,0.91112,-0.14216,0.37360
13.22903,14.09690,-1.05799,1.02717,1.24840,0.26451,1.00102,0.18108,0.40410
12.95230,14.34837,-1.57045,1.36402,0.37809,0.25970,0.80238,-0.31367,0.86954
12.90452,13.54654,-1.34412,0.99846,1.42170,0.08841,1.17419,-0.42967,0.97103
12.82547,13.65234,-0.86503,0.95159,1.23059,0.10252,0.97561,-0.27784,0.19578
12.69245,13.36524,-2.32678,0.98009,0.45700,0.29751,1.09504,0.42055,0.96007
12.79219,13.90506,-0.13988,1.01374,1.05044,0.26046,1.14778,-0.12273,0.01017
13.07842,14.13430,-0.98963,0.90478,0.48095,0.36409,1.20658,0.36795,0.10124
12.90794,13.99724,-2.06402,0.85264,0.16198,0.00682,1.20959,-0.37755,-0.55337
12.73236,13.56932,-1.07985,0.93376,1.46704,0.26549,0.82540,0.36466,0.70389
12.65154,13.79741,-2.21254,0.93221,1.28948,0.18843,0.85457,-0.33958,-0.74913
13.06805,13.68250,-1.99780,1.44377,0.45683,0.39191,1.15813,0.25889,0.02995
13.12691,13.51903,-0.63659,1.01793,1.03953,0.12665,1.08674,-0.44540,-0.75497
12.41551,13.21049,-1.32564,0.70211,0.45561,0.06889,1.05646,-0.12474,-0.27091
12.53901,13.86390,-1.88069,1.19527,0.34684,0.04117,0.98007,0.31124,-0.31626
13.19091,13.20294,-2.35882,1.15257,1.09183,0.17068,1.14586,0.36316,-0.51360
13.06342,14.23942,-1.35421,1.38370,0.04691,0.07182,0.88447,-0.11233,0.40966
13.29150,14.38599,-2.48499,1.29942,0.40673,0.11919,1.29380,0.31695,0.29051
12.62822,13.80544,-1.90369,1.21481,0.92081,0.23225,1.15983,0.39393,0.54232
13.24233,13.45630,-1.13711,0.92206,0.46963,0.28502,1.05394,-0.38095,-0.42119
12.84059,13.50874,-1.70187,1.13788,0.96757,0.22622,1.11603,-0.13642,0.07006
13.19195,14.39551,-2.29116,1.30041,1.09440,0.30639,1.25218,-0.26060,0.53548
12.67493,13.86712,-1.29199,0.89725,1.44073,0.08036,1.01509,0.11196,0.16473
12.47602,14.33285,-1.17711,0.72131,0.96058,0.40032,1.23771,0.22915,-0.42146
12.87637,14.00252,-2.64728,1.29450,0.69666,0.39377,1.06210,-0.08866,0.59771
12.74564,14.01571,-2.63408,0.93668,0.25043,0.06520,1.10697,0.04046,-0.24569
12.72894,13.25653,-1.29256,1.05967,0.94456,0.04393,0.75192,0.09700,0.19603
12.50363,13.28722,-1.81212,1.13107,0.34842,0.39186,1.06525,-0.27561,0.95785
12.87699,13.98224,-2.56113,0.99581,0.30982,0.47736,0.74144,-0.26439,-0.15298
12.73303,13.79986,-2.76489,0.97877,0.49867,0.47293,1.20946,0.22162,0.49742
12.44428,13.35499,-0.15820,0.84639,1.47688,0.37942,1.08640,0.12894,0.89793
12.60555,13.40562,-0.63332,1.16103,0.40460,0.33738,0.99026,0.21614,0.64529
12.89083,13.65706,-0.66135,0.85525,1.16336,0.39589,0.93197,0.42892,-0.81689
12.86271,13.95707,-0.83322,1.06870,1.48353,0.37469,0.81910,-0.15442,0.37106
13.28622,13.30098,-0.86334,1.06414,1.07749,0.09976,1.00481,-0.31998,0.85832
13.14756,13.33178,-2.44368,0.84300,0.99465,0.00621,0.90071,0.03839,-0.83769
13.22621,13.43755,-2.81918,1.11581,1.36296,0.41492,0.86715,0.02057,-0.52817
12.90239,13.56243,-1.06374,1.34939,0.49488,0.37740,0.83569,0.20455,0.12162
12.70975,13.98861,-2.99400,1.09380,0.14570,0.03428,1.16918,-0.09018,-0.64773
13.17744,13.85959,-1.46822,1.33309,0.69594,0.22919,0.76465,-0.04574,-0.80630
13.03903,14.13035,-1.81775,0.78445,0.85731,0.38305,1.03923,0.31258,-0.96596
12.74673,13.64074,-0.98873,1.35239,1.24323,0.46133,1.27761,0.31625,-0.50663
12.55806,13.61787,-2.04211,0.80607,0.89604,0.47965,1.11937,0.23935,0.67971
12.52007,14.21144,-0.41110,1.45912,0.35308,0.16064,1.22380,0.25233,-0.66909
13.16881,13.72038,-1.71492,1.17448,1.26904,0.31439,1.24954,-0.05384,0.93138
13.29326,14.17295,-0.99064,1.38264,1.18712,0.06392,0.76612,0.17204,-0.94785
12.95816,14.05397,-0.17014,0.97439,0.47580,0.13793,0.88228,0.02143,-0.98258
12.56804,14.04349,-2.72496,1.14538,0.64711,0.34348,1.04894,-0.29118,0.62650
13.19082,13.97799,-2.14498,1.34629,1.15401,0.09224,1.20136,0.32053,-0.49086
12.58395,13.74506,-1.19248,0.80526,0.97273,0.14202,0.99300,-0.46266,0.88756
12.42860,13.25923,-1.25823,1.24274,0.33747,0.32564,0.87204,0.16566,-0.96211
13.06358,13.43798,-2.90173,0.98792,0.34639,0.24691,1.18324,0.36179,0.85991
12.99657,14.32946,-0.30482,1.05823,0.80559,0.40053,0.93397,0.24272,0.78787
12.68462,13.39966,-2.39478,0.85994,0.92259,0.41198,1.01855,0.42842,0.73388
13.06728,13.69190,-2.95050,1.07984,0.71320,0.48804,0.70511,-0.45130,-0.60232
13.22122,14.37678,-0.28308,0.94918,0.25883,0.16582,1.01386,-0.37570,0.34849
12.60097,14.23647,-0.15837,1.05682,1.43867,0.48344,0.84897,0.22541,-0.75201
12.73741,13.21696,-1.69941,1.33742,0.14751,0.47954,0.97371,-0.36134,0.48821
13.02583,13.65124,-1.24865,1.37543,0.41140,0.11322,1.20627,0.38325,-0.36146
12.42948,14.20912,-0.46274,1.46692,0.65527,0.10532,1.24062,-0.31914,0.04072
13.12492,13.80523,-1.60082,1.43655,1.45138,0.36041,0.84985,-0.16862,-0.17826
13.07669,13.33186,-2.74536,1.33236,0.21856,0.32192,1.25556,0.43640,-0.72595
12.85993,13.82805,-2.10186,1.35862,1.41046,0.13801,1.24891,0.40494,0.12282
12.75909,14.35417,-2.43157,0.75100,0.07588,0.11512,1.29358,0.41144,0.51936
12.69628,13.66100,-1.26658,1.03922,0.11911,0.43887,0.82665,0.44686,0.99324
12.82831,13.90488,-0.80860,1.22313,0.42686,0.31288,1.07556,0.25984,-0.04663
12.46897,13.20605,-0.47928,1.34838,1.40554,0.12462,1.09073,-0.29978,-0.46205
12.62836,14.36531,-0.65751,0.91314,0.53412,0.41996,1.22973,0.04261,-0.01831
12.61377,13.75136,-2.70606,1.34379,0.22271,0.01983,0.88097,0.16548,-0.51414
12.89702,13.81216,-1.68110,0.86738,0.87409,0.45621,0.90347,-0.17629,-0.88922
12.55567,13.44322,-0.67395,1.22362,0.89902,0.36219,1.25200,-0.24296,-0.86254
12.63852,13.56556,-1.18204,1.16363,1.40041,0.06862,0.90084,-0.11614,-0.49328
12.58264,13.30918,-0.97819,1.13694,1.26038,0.30304,0.91275,-0.09886,0.09583
12.66619,14.06391,-0.66735,1.07898,0.47534,0.30644,0.88675,-0.47408,0.48853
12.53604,14.31724,-2.12349,0.97102,1.18900,0.46006,0.93560,0.38496,0.96246
13.11859,14.24902,-2.13303,0.99626,0.39667,0.36656,1.18023,-0.18378,-0.92115
13.22524,13.31215,-0.34464,1.44779,0.88034,0.32150,0.93170,0.03489,-0.71655
13.14384,14.05081,-2.64492,1.19772,0.87105,0.10575,0.92035,-0.45400,-0.74997
13.26229,13.86886,-0.49876,1.44888,1.29881,0.41319,0.82720,-0.39309,0.47419
12.77543,13.33947,-0.53367,1.02167,0.47228,0.19207,1.25813,0.41337,0.09229
12.47166,13.94419,-0.76929,1.38026,0.63923,0.30750,1.25742,0.01183,0.14960
13.27209,14.00376,-2.30069,1.05944,0.67209,0.42719,0.91351,0.40918,0.88115
13.18657,13.39368,-2.76607,1.20108,0.16005,0.21759,1.28563,-0.02981,-0.01603
12.90506,13.47772,-0.57274,1.19290,0.49804,0.07608,0.74277,-0.43687,0.55944
13.10653,13.37341,-2.16880,0.92491,0.17838,0.32644,1.19068,-0.46323,-0.74567
12.67476,14.37738,-1.07025,1.22298,0.76566,0.01567,0.80050,0.26709,0.39824
13.18367,13.73505,-1.18180,0.80790,1.12964,0.01081,0.83227,-0.17701,-0.22801
13.08712,13.86822,-0.12763,1.00632,0.49079,0.35643,0.80865,0.28989,-0.00137
12.63132,14.27769,-2.97786,1.15910,0.78614,0.15412,0.84276,-0.27406,0.35149
12.71838,13.42812,-1.96704,0.82077,0.70129,0.04183,0.88120,0.46611,0.30703
13.11570,13.44331,-2.07662,1.48874,0.79565,0.41411,0.88635,0.34666,-0.74634
12.47154,13.54200,-0.06369,1.23351,1.20248,0.43541,1.08781,0.13038,-0.71587
12.40823,14.05209,-0.12466,1.42463,0.38744,0.46317,1.18955,-0.12869,-0.58551
12.56606,13.62428,-0.39341,0.79731,0.23979,0.21557,1.10528,0.44291,-0.14200
12.85935,13.62094,-2.53977,1.48960,0.17815,0.46172,0.87580,-0.35697,-0.83119
13.11493,13.27124,-0.39223,0.92143,1.48605,0.14821,1.22637,0.27157,0.23253
12.92166,14.31360,-2.15434,1.35490,1.18399,0.33853,1.24082,0.02417,0.49641
12.91311,13.82992,-2.95357,1.43170,0.30622,0.01335,0.98520,-0.01012,0.78516
12.97453,13.25115,-0.34888,1.07311,1.47183,0.29263,0.88788,-0.22999,0.32163
13.21499,13.55666,-0.31716,1.03382,0.24366,0.18170,1.11287,0.08692,0.06912
13.13926,13.68039,-0.17461,1.42185,0.16377,0.30108,1.16385,0.19551,0.79241
12.76869,13.34340,-0.04665,1.41941,0.87997,0.21782,0.91692,-0.29210,0.64507
12.63644,13.82209,-1.02774,1.39865,0.90826,0.25947,1.24402,-0.15713,-0.40866
12.56733,14.35981,-2.04353,0.98909,0.17024,0.47386,0.80551,-0.41773,-0.99896
12.96429,14.09371,-0.16572,0.91720,0.21224,0.39741,0.75905,-0.40080,0.72175
12.49641,13.78771,-0.07361,0.73448,0.93876,0.46917,1.17440,0.31162,0.44698
13.11196,14.17717,-1.70670,0.70773,0.60159,0.15521,1.07657,0.41667,0.77443
12.85721,13.23039,-0.43776,0.98862,0.25738,0.14659,1.25895,-0.03458,-0.43224
12.51842,13.98537,-2.41270,0.88857,1.04743,0.41215,1.21292,0.45759,0.53079
13.06366,14.08938,-0.41321,0.84624,1.08698,0.11198,0.83840,-0.03534,0.33727
13.26580,13.76415,-2.73898,1.08108,0.25460,0.45324,0.78560,-0.09894,0.79822
13.01689,13.97115,-0.89290,1.31637,0.38960,0.39404,1.05109,-0.47491,-0.99934
12.89966,13.97290,-2.58885,0.96235,0.19166,0.02176,0.98750,0.06131,-0.19963
12.53574,13.21663,-1.22335,1.26738,1.09644,0.12563,1.22948,0.06572,-0.27955
12.40567,13.72563,-0.75789,0.93249,0.59908,0.08926,1.18197,-0.37641,0.14736
12.55380,13.94103,-2.36980,0.70177,0.57027,0.42048,0.72987,0.25945,-0.44113
12.67272,14.15528,-1.49712,1.14776,0.63758,0.15508,1.10171,0.06358,-0.37161
13.21535,13.76755,-0.46516,1.16427,0.04170,0.42903,1.18621,-0.05986,-0.20743
13.21588,13.90806,-2.04050,0.71926,0.12049,0.40283,1.10998,0.34957,-0.10673
12.45455,14.36324,-2.61821,1.22367,1.14678,0.32869,0.75455,0.45360,-0.25764
12.52685,13.67467,-1.89700,1.31724,0.88500,0.23905,0.99788,-0.21494,-0.20170
13.06398,14.19515,-0.52806,0.85246,0.27831,0.43777,1.26358,-0.07923,0.45176
13.14768,13.90220,-2.16936,1.27120,0.87553,0.11264,0.85970,-0.46951,0.12591
12.92570,13.88525,-1.06501,1.18551,1.05392,0.02882,1.27290,0.39533,0.80964
13.23858,13.63749,-2.04614,1.15381,0.97241,0.27096,1.03563,-0.32152,0.57983
12.51878,13.32494,-2.44725,1.01504,1.01030,0.21151,0.89285,0.41128,-0.78861
13.28831,13.50274,-0.37895,0.88787,0.98165,0.06059,0.90155,0.32038,-0.59897
12.80273,13.66154,-0.66249,0.87686,0.54621,0.08423,0.95152,0.12695,0.31753
12.47310,13.66802,-0.84106,1.08763,1.37271,0.35808,0.84695,-0.26024,0.15317
12.98363,13.46835,-2.05705,0.71607,0.37309,0.24440,1.26839,-0.35489,0.99102
12.48961,13.34583,-0.23812,1.20336,0.76734,0.45217,0.80496,0.49395,-0.56988
13.11435,13.38683,-0.52785,1.34348,1.24936,0.08693,0.70485,-0.24758,0.75094
12.45558,13.26641,-0.22339,0.89272,1.44825,0.10034,0.87101,0.47220,0.46106
12.96722,13.56495,-0.59713,1.19547,1.49581,0.38742,0.75151,-0.43617,-0.38015
12.91185,13.73103,-0.86691,0.94836,0.11764,0.06777,0.95126,0.35584,0.34733
12.95295,13.55979,-0.71287,1.15439,1.09668,0.34355,0.71445,-0.34266,0.61019
12.90742,13.53629,-0.88236,1.38042,0.28432,0.34386,0.74183,0.33290,-0.75247
12.94822,14.19255,-2.16124,0.88303,1.20308,0.41021,0.79757,-0.28860,-0.24091
13.23816,13.51811,-2.72912,0.87981,0.59352,0.28108,1.00737,-0.41782,-0.81358
13.24340,13.75393,-0.60233,1.44183,0.85821,0.11425,1.07684,-0.44782,-0.76514
13.05639,14.36063,-1.48603,1.26454,0.17514,0.47178,1.04159,-0.15872,-0.48433
12.71452,13.88098,-0.47878,1.40288,1.46067,0.34499,0.90761,-0.09361,-0.24800
12.44290,14.10662,-2.24672,1.31088,0.75896,0.31312,0.96537,0.41417,-0.70377
13.14506,13.75879,-2.42683,1.33904,0.78601,0.19468,0.81806,-0.38269,-0.35435
12.98993,13.91221,-1.46857,0.94332,1.13982,0.32106,0.76021,0.12864,-0.21904
12.90821,14.03610,-2.47145,1.30813,0.61462,0.30842,0.92752,-0.31004,-0.65927
12.82780,14.14676,-2.31153,1.02864,0.76993,0.27600,1.09165,0.02105,-0.39258
13.08932,13.89406,-1.26910,1.10682,1.17343,0.29064,1.12298,0.10367,-0.03182
12.65882,13.47568,-1.90246,1.47824,0.42900,0.20161,1.09793,0.17562,-0.69419
13.08102,14.36111,-0.47142,1.38137,1.14459,0.20410,0.97329,-0.09338,0.62638
12.75695,13.41813,-0.68025,1.11816,1.30006,0.16135,1.19730,0.33488,0.27946
12.98972,14.23564,-0.06863,1.34158,0.49165,0.13813,1.19551,-0.48056,-0.18006
12.74005,13.55015,-1.94422,1.32042,0.77321,0.00022,1.07794,-0.46169,0.38035
12.83521,13.98326,-2.93312,1.03738,0.92536,0.09895,1.28198,0.08192,0.75225
13.24771,13.37861,-2.85155,1.07228,0.39432,0.19149,1.05704,-0.25008,-0.88146
13.17905,13.23656,-0.64392,0.95397,0.35930,0.01712,1.10218,-0.11230,-0.81879
13.23152,13.47607,-2.61145,1.02618,0.54075,0.49979,0.93542,0.14202,0.27325
13.02488,13.51199,-0.41433,0.70805,0.33672,0.22164,0.97726,-0.16219,-0.38287
12.56924,13.35690,-0.20672,0.89276,0.53035,0.34624,1.18155,-0.10572,-0.47763
12.97929,13.69399,-0.95992,1.43353,1.42444,0.17895,0.95951,-0.48161,0.61571
13.29565,14.36614,-1.24579,1.02676,0.62988,0.30064,1.16010,-0.27995,0.57063
12.79304,13.47551,-2.45086,1.49223,0.23007,0.48783,1.14902,-0.10691,0.60120
12.55584,14.20387,-1.97611,1.20789,0.70095,0.11435,0.77919,-0.15896,0.68094
12.96012,13.55178,-0.70168,1.14977,0.30098,0.17444,1.08868,0.15441,-0.84344
12.58102,14.04484,-0.26399,0.96457,0.58672,0.41202,0.74957,0.19441,0.73500
12.59464,13.94935,-2.24498,1.37342,0.67666,0.04124,1.09993,-0.13290,0.21795
12.58580,14.07882,-1.12758,1.25764,0.99812,0.48060,0.89468,-0.31876,0.47092
12.79279,13.68309,-2.25086,1.20447,0.59392,0.37788,0.90705,0.23879,0.81513
12.76782,13.24667,-1.09156,1.41292,1.33481,0.21499,0.77898,-0.08071,0.18947
13.01028,13.33949,-2.81234,1.49909,0.93100,0.03530,1.28708,-0.22932,-0.25701
13.23452,13.27060,-1.80224,1.14786,0.07370,0.33745,0.89701,0.14018,0.82952
12.53803,13.61711,-2.54862,1.48727,0.49997,0.28553,0.87424,0.23890,0.12344
12.41139,13.46637,-2.08143,0.83309,0.07225,0.37767,1.23864,0.38729,-0.58077
12.60388,13.93199,-2.73069,1.19600,0.38121,0.42439,0.74134,-0.08400,-0.02981
13.26674,14.07355,-0.54574,1.22646,1.16149,0.28850,1.04668,0.20320,0.68277
13.03592,13.85950,-1.21145,1.21213,1.01521,0.06398,1.05234,0.36081,-0.64159
13.04592,14.30137,-0.50831,1.03250,1.28703,0.43659,1.06505,0.32492,0.96332
12.60769,14.01311,-2.42166,1.21490,1.25717,0.18057,1.07732,0.21567,0.53100
13.23577,13.84109,-1.89383,0.84594,1.46373,0.20956,0.84356,0.45733,-0.84726
12.69298,14.35723,-0.74254,0.73386,1.33595,0.35609,1.20439,-0.13110,-0.16502
13.15980,14.16798,-1.22185,1.23316,0.14879,0.13734,0.84456,-0.03189,0.08523
12.92778,13.40971,-2.44567,0.90119,1.04605,0.15935,1.00926,-0.23434,0.57285
12.91812,13.80745,-0.80414,1.07752,1.18574,0.09350,1.26608,0.49541,0.30916
13.10558,13.34128,-1.45028,1.30504,1.15136,0.46094,1.17446,-0.42096,-0.57975
12.83032,14.18849,-2.81381,1.30656,0.00119,0.41195,0.71112,0.42108,0.10877
12.85058,13.65334,-1.97121,0.75191,1.38417,0.01397,0.74438,-0.35827,-0.50775
12.55924,13.92245,-1.95147,1.38858,0.12846,0.19780,0.83888,0.25681,0.77541
12.48479,14.01549,-0.61858,1.40636,1.39448,0.43194,0.75317,-0.49070,0.49317
12.40453,13.95490,-2.48790,1.21972,1.46984,0.32044,0.88598,0.29864,0.18645
12.60959,14.34026,-2.71921,1.48247,1.46870,0.11237,1.01793,-0.36555,0.47309
12.66150,13.69499,-2.10303,1.40005,1.29673,0.22241,1.23494,-0.28922,-0.79818
12.91951,14.23990,-1.00150,1.29464,1.00304,0.00308,1.25538,-0.08008,0.13224
13.11267,13.57447,-0.13775,1.06377,1.40854,0.02191,0.91945,0.10462,0.76384
12.44451,13.69606,-2.91063,0.94136,0.44707,0.45122,0.93369,-0.29018,0.49391
12.69336,13.45324,-0.29373,1.07397,0.48920,0.49470,0.88823,0.21957,-0.18158
13.06809,13.25615,-2.07510,0.98108,0.03009,0.22145,0.86345,0.06709,0.64120
13.07111,13.48527,-1.73279,1.04599,1.06627,0.27584,0.84841,-0.23939,0.70738
12.55564,13.34371,-1.23971,1.40577,1.01227,0.40311,0.96166,0.00912,0.86779
13.24505,13.67430,-0.45351,1.08236,1.33468,0.01596,0.75916,-0.33258,-0.15666
13.24616,13.31116,-2.05284,0.96348,0.69172,0.20833,0.94850,0.47168,0.05761
13.01547,14.15207,-2.53460,0.96230,1.15589,0.09120,1.06675,-0.21861,-0.44916
12.59178,13.40881,-0.07290,0.82829,0.12887,0.22363,1.27178,0.01001,0.34763
12.80730,13.21375,-2.51048,1.11875,0.55511,0.11275,1.18863,0.32836,-0.80440
12.78385,13.53617,-2.00487,0.70316,1.45264,0.18462,0.83725,0.27240,-0.41801
13.28261,13.43292,-1.69548,0.84611,0.38998,0.22274,0.90038,-0.06200,0.77036
13.13844,13.32589,-2.69584,0.76266,0.41925,0.49989,1.13061,0.35256,-0.03795
13.03045,14.29026,-2.87099,0.79119,0.66995,0.11792,1.01655,-0.41721,-0.19528
12.58706,13.39776,-1.90979,1.48680,0.88508,0.42179,1.29687,0.35403,0.31221
12.52856,13.25613,-1.72430,1.32346,0.95532,0.09955,0.90120,-0.45349,0.66580
12.46381,14.31474,-0.46069,1.34576,0.97893,0.02420,0.79401,-0.41841,0.36600
12.42295,13.40653,-0.85984,0.95718,1.46864,0.40285,0.82591,-0.20209,0.48538
13.22941,14.30936,-2.70010,1.37822,1.07118,0.05445,0.76485,-0.23227,-0.75794
12.44198,13.71806,-0.88717,0.82374,0.12833,0.23536,1.25373,0.47937,0.96437
12.87769,13.48781,-2.77216,0.94818,1.47565,0.39984,1.14525,-0.32885,0.81044
13.23398,14.27113,-1.30623,0.79266,0.66919,0.46474,0.88652,-0.45598,-0.38199
12.83798,13.44613,-0.26155,1.30249,0.99309,0.39673,0.77467,-0.28707,0.75565
12.63135,13.85678,-1.42155,0.96687,0.92573,0.45276,0.75148,-0.31399,-0.08524
13.01576,13.47671,-0.13287,0.75957,0.33169,0.46422,0.95212,-0.15303,0.25164
13.26607,13.70550,-1.63430,0.82973,0.95411,0.31019,0.71021,-0.42898,-0.09396
13.06914,13.61573,-0.66258,1.20600,0.91098,0.07304,0.94968,-0.48691,0.64791
13.15998,13.74311,-0.14401,1.21452,0.33142,0.06712,1.12033,0.26456,0.17013
12.77250,13.29590,-0.07836,1.20858,0.14923,0.01292,1.22103,-0.31280,-0.66585
12.51262,13.58978,-2.02544,0.71090,1.43325,0.00693,1.19729,0.42636,0.83574
13.21636,13.83041,-2.91191,1.49999,1.49395,0.06239,0.87113,0.03622,-0.71120
12.96836,13.86382,-0.65038,1.13085,0.26983,0.08764,0.97475,-0.04127,-0.36963
12.54172,13.40666,-0.86975,1.02741,0.24221,0.29206,0.93851,0.05665,0.74132
13.28257,13.78318,-0.38960,1.47800,0.54749,0.32593,0.86101,0.14041,0.44829
13.19540,14.23889,-2.65849,0.70737,1.43271,0.03880,1.08930,-0.01698,-0.57155
12.70016,14.08781,-2.10341,1.27040,1.21324,0.35708,0.96597,-0.37997,-0.69819
12.47229,14.14330,-0.94886,1.20540,0.37044,0.39932,0.73078,-0.40338,0.06206
13.27901,13.72186,-2.70702,1.03814,0.18179,0.43147,0.77248,-0.45604,-0.55877
12.67782,13.35483,-0.47469,1.42131,0.66110,0.22802,0.70466,0.13304,-0.88035
12.79795,14.00287,-2.56147,0.77908,0.80807,0.46292,0.92325,0.30949,0.65025
12.84790,13.70174,-1.10009,1.15400,0.21194,0.01946,0.96504,0.23974,0.20552
13.12203,14.09033,-1.95490,1.01731,0.19540,0.10674,1.12208,-0.03384,-0.77191
13.03082,13.70182,-2.43356,1.22129,0.03209,0.00225,0.71741,0.12138,0.83032
12.84165,13.92830,-1.07632,1.49512,0.83798,0.10309,0.87293,0.36787,-0.33574
13.16188,13.65536,-2.19788,0.81198,0.67654,0.47562,1.23159,-0.12318,-0.15676
12.60662,14.19450,-0.49009,0.97923,0.78713,0.35018,1.11762,0.12043,0.58115
12.93272,13.38147,-1.22512,1.46070,1.40412,0.33895,0.88297,0.49542,-0.07668
13.23203,13.70770,-0.04039,0.93096,0.24506,0.44317,1.05736,0.10060,0.09453
12.87870,14.26268,-2.34989,1.32881,0.90059,0.20580,0.89635,0.41912,0.66675
