# logM_cut, logM_1, sigma, alpha, kappa, s, B_cen, B_sat
12.87092,14.00931,-2.08545,0.74500,1.07420,-0.69223,-0.10614,0.28066
12.48093,13.45961,-2.22983,1.24896,0.53704,0.07226,0.86094,-0.23187
13.08086,14.03883,-1.69338,0.70918,0.80851,-0.85286,-0.51290,-0.85561
12.71147,14.39560,-0.67217,1.00523,0.47338,-0.42061,-0.19979,0.03913
12.52579,13.83150,-0.50975,0.87946,1.31803,0.44296,0.22066,-0.80382
12.40312,13.56516,-2.54118,1.04038,0.07680,0.12171,0.13912,0.49341
13.12873,13.40594,-2.14750,1.43425,0.23886,-0.59953,-0.50353,0.49888
12.72913,13.76898,-2.82850,0.94219,0.44358,0.92435,0.32834,-0.30714
13.03041,13.47821,-1.97045,1.36908,0.27257,0.56185,-0.98905,-0.20732
12.82184,13.79255,-2.30905,1.46892,1.22929,-0.94849,-0.13261,0.61942
13.18198,13.71454,-2.18484,1.33077,1.17442,0.43510,-0.98218,0.92830
12.45227,13.38028,-2.31741,1.30444,0.48340,-0.09216,-0.36484,0.41338
13.18400,14.02607,-2.50290,0.76034,0.52876,-0.96344,0.67399,-0.03883
12.48086,13.23158,-1.19943,0.87658,0.86839,-0.67510,-0.61910,0.60368
13.25064,14.01218,-2.41340,1.08184,0.40101,-0.40574,-0.45121,-0.83453
12.66474,13.31636,-2.97594,1.36278,0.82542,0.36158,-0.66120,0.20358
12.66979,13.79574,-1.16907,1.23225,1.17895,0.21044,0.56588,0.92273
12.56842,13.49443,-2.41894,0.88125,1.09811,0.94822,-0.03317,0.58765
13.11590,13.42221,-0.68110,0.70102,0.96073,0.19476,-0.88630,-0.89478
12.50880,14.19644,-1.90656,1.31827,1.39070,0.00159,-0.48723,-0.25628
12.89479,13.66308,-0.38958,1.21506,0.57268,-0.76770,0.97819,-0.10697
12.72712,13.69440,-0.62021,1.19592,0.33708,0.06320,-0.34435,0.28754
12.77072,13.68744,-0.72775,1.10686,0.22794,-0.63154,0.37135,0.07899
12.89526,13.79260,-1.84033,0.76121,0.42887,0.77528,0.72553,-0.43804
13.15065,13.43743,-1.01340,1.49514,0.70737,-0.46797,-0.35205,-0.89015
12.78294,13.94271,-1.90726,1.27744,0.96587,-0.99291,0.20249,0.89249
13.15305,13.61633,-0.00606,0.75598,0.79500,-0.44630,0.84312,-0.04098
12.55636,13.64911,-2.18161,1.39185,0.98483,-0.13328,0.66138,0.92059
12.84061,13.41250,-2.95460,0.96019,0.61737,-0.60720,-0.63386,0.94817
12.65456,13.45428,-2.07960,1.48257,0.30359,0.66179,0.39352,0.56549
12.71483,13.78452,-1.90255,0.73945,0.26913,0.92112,-0.22325,0.95171
12.69646,13.99317,-0.66639,1.43027,1.10301,0.66869,-0.06402,-0.54899
13.28766,13.78627,-2.92595,1.23783,0.12192,0.06159,0.46327,-0.57457
13.25725,14.14641,-1.88074,1.43741,0.10138,-0.54802,0.54669,0.38311
12.52240,14.35642,-2.60485,0.96783,0.57648,-0.03608,-0.26751,-0.85625
12.45833,13.22682,-2.73165,0.79685,1.41058,0.44099,-0.94118,-0.91708
12.72366,13.45210,-0.34596,0.70072,0.09169,-0.54104,-0.72937,-0.51469
12.80734,14.19378,-2.76168,0.74009,1.25071,-0.83099,0.91364,0.28115
13.07084,13.70137,-1.24934,0.78645,0.99643,-0.81601,-0.54790,-0.11980
12.87898,14.05844,-1.00677,1.21936,1.21077,0.20463,-0.12309,0.59220
12.99182,14.19951,-0.67269,1.16161,1.49197,-0.09638,-0.96240,-0.50859
13.21667,13.77302,-0.75577,1.15243,1.13017,-0.91484,0.60887,-0.43526
12.69321,13.51846,-2.51201,1.07081,1.31398,0.01573,0.70986,0.77182
12.47713,13.77230,-1.03405,0.98332,0.38786,-0.98737,0.31150,-0.61859
12.59853,14.26134,-2.16846,0.70107,0.32302,0.36671,-0.51988,0.27436
12.73192,13.27642,-2.56280,1.33482,1.26195,0.32500,0.78139,-0.54652
13.24097,13.87509,-1.41608,1.06968,0.77107,0.84096,0.98683,0.82353
12.99529,14.15120,-0.92130,1.31043,1.27327,0.85487,-0.18616,0.42399
12.59902,14.16509,-1.97349,1.36073,0.66443,0.61933,-0.24917,0.47123
13.12473,14.18607,-2.36124,1.24615,1.19056,0.78532,0.72810,-0.77423
13.02418,14.10562,-2.00366,1.03016,0.08737,0.18424,0.75994,-0.02489
13.27859,13.30502,-2.78996,1.28241,1.15102,-0.85746,-0.94546,0.14016
12.87058,13.54925,-0.03396,1.20445,0.91189,0.38840,0.27838,0.17585
13.04241,13.81693,-0.57360,1.34245,0.62820,0.76260,0.20609,0.06121
12.48454,13.84807,-2.60039,0.75311,0.05579,0.16052,0.89699,-0.44627
13.06521,13.35061,-0.10700,1.10647,1.21715,-0.88438,0.59309,0.26053
13.22360,13.26489,-1.60506,1.11216,0.05805,0.57645,0.89917,0.54652
12.40324,13.68280,-2.13805,0.92744,1.47952,-0.80747,0.15617,0.26422
12.96248,13.29318,-1.86870,1.22505,0.53982,-0.80620,0.07249,0.62165
12.89721,13.52244,-1.60198,0.99916,1.16468,0.55254,0.41362,-0.79994
12.60067,13.55925,-0.22158,0.87127,0.64388,0.19702,0.69688,0.26120
12.73229,13.32057,-2.64856,1.38601,0.23192,0.77522,-0.54616,0.63032
12.79794,13.91816,-0.17102,0.85988,1.47690,0.83044,0.54356,-0.85348
12.65204,14.36480,-1.27975,1.14761,0.38378,0.66062,-0.86730,-0.40740
13.09553,13.35189,-2.66629,0.93718,1.14024,-0.04698,-0.72258,-0.80503
12.40999,14.17968,-1.83454,1.43439,0.33060,-0.64375,0.51950,-0.21000
13.12281,14.24438,-2.54778,1.44827,0.43710,-0.18118,-0.55269,-0.70238
12.67190,13.83863,-1.68251,1.39362,0.24991,0.44113,-0.22237,0.37330
13.14882,13.52116,-2.78938,1.24053,1.16588,0.76630,0.27522,0.15657
13.09022,13.97507,-2.27071,1.18905,0.95443,0.60284,0.20472,-0.34571
12.88109,13.37063,-0.13360,1.04256,0.58223,0.06226,0.01529,0.38159
12.98689,13.23004,-1.73656,0.92784,0.13374,0.17348,-0.01077,0.08976
13.20231,14.09896,-1.28106,0.74971,0.17817,-0.41158,0.17265,0.93528
12.64660,13.92519,-0.46569,1.45524,0.58840,-0.02914,-0.51793,-0.80085
12.99274,14.15797,-1.59794,1.40155,0.01082,-0.75271,-0.00593,-0.19257
12.64157,13.41978,-0.92586,1.21448,0.38555,0.82432,0.97186,-0.46377
12.50724,13.30177,-0.32479,1.43954,1.26877,-0.02643,-0.74005,-0.30352
13.17463,14.18437,-1.23111,1.17613,1.12256,0.72379,-0.44329,-0.40606
12.59716,14.02496,-0.75983,1.10952,0.28694,-0.62065,-0.81992,0.96136
12.89785,14.27123,-1.03768,0.92222,1.15778,0.42722,-0.87323,0.31910
13.21992,14.27960,-1.73646,0.73896,1.42752,0.08563,-0.09037,0.10766
13.08249,13.77720,-1.18934,1.21278,1.07047,-0.52197,-0.09447,0.49871
13.16296,13.87391,-0.46513,1.28975,1.41707,-0.27936,0.43135,0.87161
12.40741,13.52118,-0.97461,1.43092,1.22438,0.91261,-0.49422,0.24923
13.20149,13.73115,-0.74310,1.38274,0.64673,-0.66614,-0.15776,0.68007
12.47422,13.78418,-0.09557,0.88686,0.00012,0.97638,0.95353,-0.50209
12.85208,14.38765,-0.96872,0.76036,0.75418,0.93667,0.95337,0.24896
12.40596,13.33092,-2.02442,1.34371,0.03733,-0.02024,0.21365,-0.70540
12.87260,13.57664,-2.59418,1.41104,1.36913,-0.94491,0.65386,-0.38016
12.66430,13.76096,-1.89333,1.36186,0.48108,0.86129,-0.95533,0.65237
12.92827,14.13630,-2.96165,0.89178,0.17911,0.19390,-0.76331,-0.24190
12.93967,13.90818,-1.50426,1.39767,1.49512,0.22523,0.66201,-0.32867
12.56786,14.05163,-2.23822,1.05950,1.43969,-0.25288,-0.22464,-0.73918
13.25332,13.24073,-2.30933,1.48356,1.06707,-0.39081,0.99413,0.19987
13.09959,14.09370,-2.98079,0.83083,1.18284,-0.46278,-0.15239,0.44663
12.51661,14.18906,-1.40317,0.71767,1.21625,-0.40957,-0.09968,-0.26232
13.01951,13.53043,-0.60418,0.78318,0.46835,-0.48466,-0.95514,-0.92012
12.55105,13.33457,-2.43981,1.42792,0.48884,0.55883,0.16021,-0.86117
12.96434,13.59165,-2.04345,1.03355,0.49601,-0.28839,0.91793,0.01782
12.65315,14.22520,-1.61234,1.21246,1.23692,0.60740,0.15453,-0.75202
12.70981,14.33798,-2.41350,0.70097,0.60950,-0.87702,-0.18735,0.92235
12.71895,13.66161,-0.80964,0.77158,1.11140,0.53508,-0.50148,0.32129
12.94552,13.30661,-0.96086,0.73615,0.58453,0.48957,-0.33798,0.29720
13.03531,13.94141,-0.60009,1.45228,0.84234,0.75922,0.28638,0.93057
13.29624,14.32120,-1.73739,1.24965,0.27353,0.72050,-0.52563,-0.27792
12.69122,14.16454,-2.20130,1.45267,0.70562,0.31473,-0.50763,0.92955
12.75370,14.07950,-1.85395,1.44688,0.83992,-0.87254,0.53760,0.54808
12.70684,13.22409,-2.26984,1.18863,0.89319,0.71113,0.71560,-0.68128
12.43422,13.58666,-2.05787,1.37143,0.47506,-0.90672,0.36575,-0.52172
13.28765,13.89139,-0.81894,0.83200,0.44166,0.08847,-0.73279,0.87923
13.17558,13.27481,-2.68205,1.35942,0.31405,0.82430,0.86355,-0.81618
13.05887,14.16568,-2.60395,1.22034,0.24511,0.49944,0.87690,-0.77702
12.81211,14.34838,-1.92322,1.40430,1.27577,-0.00904,0.23478,-0.48990
12.50884,14.38980,-0.69199,1.02241,1.40258,-0.39036,-0.71395,0.92377
12.54905,14.15787,-2.66969,1.22970,0.71960,0.17947,-0.57558,-0.84715
12.78704,14.12296,-0.22810,1.26060,1.34494,0.50070,-0.40167,-0.82344
13.15926,13.72102,-1.12967,1.17248,0.55652,-0.01734,-0.20130,0.29608
12.41601,13.78141,-2.48471,1.41674,1.32095,0.91502,-0.69624,-0.67100
12.50402,13.40688,-0.84075,0.81456,0.39152,0.46650,-0.32346,0.57268
13.12853,13.53218,-1.28979,0.77962,0.02128,0.88007,0.17744,0.90241
12.60218,14.16728,-2.94246,0.91537,0.22265,0.66216,-0.84502,-0.83272
12.59674,13.21913,-2.06977,0.90923,0.85752,-0.98782,-0.32098,-0.56446
12.92633,14.23828,-2.63345,1.02364,0.44652,0.16612,0.53350,0.35937
13.16933,13.39318,-0.53434,0.88507,0.89980,-0.95646,-0.04508,-0.05003
12.65479,13.84704,-2.93989,1.45099,1.10154,-0.02004,-0.51543,-0.96333
12.65987,13.54487,-1.63158,1.13529,1.44361,-0.47571,-0.73935,0.59432
13.20965,13.97135,-1.40190,1.34270,1.41329,0.04395,0.75206,0.53029
12.69381,14.10010,-0.75727,0.78554,0.67395,-0.61245,0.53378,0.05259
12.50950,13.52849,-1.97190,1.11559,0.79616,-0.03276,0.14678,-0.97596
12.78480,13.29524,-0.17071,1.16916,1.12533,0.94864,-0.99217,0.35076
13.01840,14.36006,-2.72403,1.38583,0.04523,0.53432,0.05257,-0.06210
12.54353,13.80212,-2.52151,1.30078,1.18430,0.37104,0.80282,-0.50683
12.43432,13.76602,-2.96491,1.37543,1.32514,0.67818,0.42864,-0.98005
12.60244,14.38912,-2.06469,1.37715,0.34851,0.86614,-0.62423,0.70343
12.57764,13.92857,-1.64388,0.91026,1.30173,0.31046,-0.24379,0.09582
12.82033,13.52010,-0.06833,0.71133,1.49833,0.14368,-0.90419,0.93893
12.74011,13.35330,-1.67522,0.96914,0.22332,-0.74117,-0.95105,0.27514
12.87037,13.27267,-2.34553,1.47685,1.47537,0.59879,0.23666,0.02853
12.63054,14.17688,-0.89529,0.89035,0.03913,0.63160,0.63055,0.71116
13.04022,14.00788,-0.54224,1.12665,1.32927,-0.75957,-0.50414,-0.11484
12.69776,14.18290,-2.96039,1.05150,0.45380,-0.25023,-0.37630,0.45520
13.28235,13.48360,-0.60603,0.95049,0.36489,-0.50149,-0.41533,0.43255
12.89220,13.64458,-0.95750,1.06905,0.59299,0.51276,-0.63691,-0.40427
12.94965,13.88982,-0.01387,1.46133,0.42797,-0.21286,0.73045,-0.99367
12.43034,14.19449,-0.05545,0.98328,0.24120,-0.58012,0.15781,-0.07707
13.11821,13.75259,-2.09866,0.75741,0.29607,-0.06186,-0.98268,-0.28794
13.10095,13.66492,-0.87989,1.28032,0.79307,-0.46397,0.89740,0.85637
12.77030,13.63408,-2.77193,0.82097,0.34470,0.47175,-0.18829,0.12785
12.78581,13.25426,-1.71808,0.95873,0.03033,-0.87108,0.16809,0.87668
12.41322,14.06674,-0.88994,1.11229,0.10126,0.93126,0.19164,0.50606
13.01545,14.01454,-0.04766,1.20088,0.60160,-0.86879,0.97795,0.65918
12.74674,14.33974,-0.75550,1.02592,0.98227,0.61590,0.33574,0.43747
12.73253,13.28922,-1.59162,1.48513,0.84310,-0.83470,-0.40496,0.14654
12.43548,13.54136,-1.70922,1.30752,0.19299,-0.72853,-0.55480,-0.82195
12.40282,13.40584,-1.44542,0.77945,0.39779,0.31864,0.53164,-0.56664
12.94121,13.82426,-2.06201,1.16439,1.36309,-0.35494,-0.42753,-0.42958
13.22476,13.66163,-2.69359,0.88132,1.47862,0.65825,-0.96118,0.46232
12.46880,13.86239,-0.86753,1.30885,0.95601,-0.52916,0.46897,0.43755
12.76840,13.99620,-0.85955,1.09346,1.14140,0.82541,-0.02134,-0.29519
13.27119,13.67118,-2.44073,1.40200,0.71001,-0.66369,-0.33887,0.07403
13.14758,13.81716,-2.61148,1.21012,0.39480,0.61348,0.92043,-0.36023
12.84689,14.38404,-0.71715,1.25162,1.35085,-0.95996,0.11659,-0.60178
12.61812,14.14883,-0.90160,1.14542,0.45053,0.62968,-0.46951,0.91378
12.99605,13.27060,-0.72387,1.39305,0.86182,-0.22661,-0.12341,-0.78962
13.13068,13.32568,-0.89926,1.47164,0.09294,0.22610,-0.99401,-0.53277
12.49512,13.91342,-0.93269,0.87704,0.38294,-0.25443,0.97021,0.31937
13.05857,13.21891,-0.18860,0.75135,1.19581,-0.19089,-0.43777,0.08819
12.56676,13.74601,-2.69003,0.70705,0.16954,-0.02144,0.88053,-0.43775
12.99305,13.27121,-1.60902,1.16338,1.39734,0.83157,-0.78549,-0.39980
12.87664,13.67059,-0.53482,1.23552,0.45525,-0.45373,0.61312,-0.23437
12.44585,13.56526,-1.07134,0.70610,0.15349,0.32777,0.53125,0.93188
13.16588,13.74300,-2.43962,0.81632,0.30763,-0.12913,-0.71179,-0.63180
12.60398,13.50184,-1.73205,0.89768,0.16649,-0.28456,0.98855,0.85309
13.10444,13.70843,-1.13467,0.97250,0.64869,-0.33649,0.46465,0.34849
12.86621,13.47686,-2.43072,0.75562,0.62348,0.83198,-0.39890,-0.38288
12.78982,13.89095,-2.21855,1.05956,1.05706,-0.99055,0.71305,0.27952
12.99070,14.21924,-1.16174,0.81937,0.66335,-0.00441,-0.25516,0.62745
12.58383,14.00836,-2.12397,0.81890,0.56301,0.04711,-0.70239,-0.12994
12.99086,13.68332,-1.68649,1.15781,1.28886,-0.14444,0.87085,-0.21676
12.86639,13.51265,-0.21180,1.28533,1.38709,-0.90879,-0.25767,-0.15009
12.40905,13.79681,-2.70166,0.84922,0.86817,0.74797,-0.15977,0.92269
12.80369,13.78972,-1.97771,1.36859,1.28439,-0.02749,-0.94256,-0.73414
12.63120,13.41100,-2.95723,0.77160,1.46957,-0.94349,0.92030,-0.01108
13.18903,14.28431,-0.47494,0.88926,0.58661,-0.54118,0.04931,0.57572
12.68035,14.16361,-2.90130,0.83310,1.27217,0.19027,-0.05925,0.95857
12.40638,13.27115,-2.59592,1.28727,0.53258,0.38406,-0.50388,0.13660
12.77252,13.48511,-1.96595,0.82453,1.42655,0.07811,-0.68747,-0.62530
13.00747,13.57124,-0.40260,0.79729,0.87751,-0.13768,-0.54473,0.31491
13.18986,13.52879,-1.23428,1.49944,0.49196,-0.61853,0.18861,0.47191
12.66593,14.23656,-1.25561,0.79826,1.27064,-0.19106,-0.83764,-0.32772
13.02004,13.67218,-2.92760,0.73268,0.69887,0.69122,0.64724,-0.89877
13.11737,14.29753,-1.03809,1.41427,1.35641,-0.72021,-0.60454,-0.43593
12.57608,14.08231,-2.12727,0.94106,0.97030,0.87279,-0.79232,0.27203
13.14419,14.14882,-0.91878,1.21879,0.51338,0.44594,-0.97915,0.20227
13.06101,14.26281,-0.07961,1.10515,1.37186,0.14491,0.62464,0.16837
13.14092,13.40635,-0.11152,1.42995,0.86912,-0.06751,0.44325,-0.65431
12.86076,13.46355,-0.51131,0.83973,0.28978,0.34175,-0.28748,-0.60820
13.14292,13.23929,-1.58859,0.71648,0.54614,-0.47702,0.32959,0.04975
13.03461,14.09504,-0.73074,1.07027,1.43013,-0.41919,-0.55786,0.33375
12.76843,13.71913,-2.12860,1.19602,1.19668,0.92133,0.53182,0.85889
13.25380,14.17203,-0.19221,0.79300,1.02859,-0.29519,0.84056,-0.16195
12.93142,14.21296,-1.53352,1.12379,0.66913,-0.28920,0.23199,0.15314
12.98517,13.44384,-0.59202,1.06894,0.58082,0.17018,0.38438,0.93514
12.75044,13.84687,-2.69799,1.02864,1.12280,-0.80756,-0.97507,-0.29208
12.67964,13.76948,-0.86232,0.89627,1.48943,-0.22886,0.09902,0.16848
13.12948,13.68131,-1.33679,1.14442,1.48234,0.71798,0.70596,-0.20915
12.76573,13.38747,-2.16791,1.15121,1.45867,-0.90181,-0.00830,0.04164
13.28153,13.46415,-2.56261,1.12540,1.09068,-0.84722,0.95637,0.66705
12.88029,14.35930,-0.20102,1.23060,1.43350,0.70735,0.95904,-0.98492
12.71891,13.48471,-1.43711,0.71189,1.44862,0.43549,-0.57711,0.68744
12.71822,13.78111,-1.34308,0.75716,0.51369,0.23475,-0.98395,0.97727
12.72735,13.27787,-1.80773,0.81753,0.31988,-0.51316,-0.31806,-0.13455
12.53677,13.92189,-2.90886,0.84533,1.46117,-0.13804,0.76502,0.14514
12.70674,14.32526,-0.63816,0.98103,0.86477,0.77622,-0.71072,0.01350
12.86982,14.23590,-0.88620,1.19609,1.12024,-0.71579,0.61834,-0.63544
12.62803,14.07617,-0.96115,0.99527,1.41283,-0.01647,0.63731,-0.64976
12.56732,13.87423,-2.94131,1.41753,0.62292,-0.92364,-0.87671,-0.12645
12.68075,13.82874,-0.19821,0.93995,0.25564,0.97211,-0.81582,-0.32410
12.85944,13.30949,-1.21837,0.91785,1.30989,0.98338,-0.53998,0.23608
13.27581,13.70092,-1.26815,0.70224,0.33117,-0.29369,0.39613,0.69937
13.20076,13.29413,-0.09747,0.76282,1.13911,-0.71016,-0.75927,0.97460
12.53985,13.23876,-2.18227,0.99214,1.39971,0.86267,-0.12967,-0.45859
13.22256,13.93715,-2.57987,1.04237,0.35613,0.56784,0.46487,0.64829
13.26355,13.82346,-1.73028,1.40773,0.67015,-0.73170,-0.70000,-0.56821
12.46591,13.25356,-0.79044,1.09348,0.00264,-0.18100,-0.66479,0.61944
12.54325,13.45136,-2.14030,1.19425,1.41081,0.00347,-0.11363,-0.94136
12.70808,13.45569,-1.09971,1.22389,0.05944,0.88068,0.88772,0.53642
12.91343,14.23726,-2.04807,1.17011,0.95790,-0.68137,0.80095,0.54863
13.03546,13.64748,-0.65616,1.02507,1.14175,-0.48062,-0.30988,-0.58178
13.08550,14.32505,-1.02289,1.47814,1.30011,-0.91765,-0.57884,0.84821
12.75482,13.96975,-0.96040,1.43035,1.29037,-0.64731,-0.41934,-0.20522
12.74425,13.88900,-2.06904,0.84920,0.71786,0.53597,0.47039,0.78578
12.84764,13.93426,-1.87544,1.38968,0.28475,-0.86741,0.47101,0.36762
12.72335,14.12009,-1.85838,1.13671,1.10058,-0.18383,0.15722,-0.45654
13.02267,13.35897,-2.12939,1.17455,0.48163,-0.10618,-0.70151,0.30970
12.58412,14.33657,-1.82486,1.40189,0.07156,0.57660,0.00491,0.68376
12.52090,14.04055,-1.17173,0.83115,0.55023,-0.67905,0.90624,-0.73673
13.19411,13.30273,-1.28455,0.85151,1.32627,0.55024,-0.83110,0.04381
13.24604,13.60583,-2.25399,1.29212,0.91833,-0.11226,0.19244,-0.88791
13.13706,13.81092,-2.55187,1.44167,1.17107,-0.72377,-0.09209,-0.22187
13.10161,13.25294,-2.45795,1.05883,0.32524,0.24070,0.12986,0.48958
12.75220,14.11429,-1.92999,1.25380,0.26699,0.96580,0.85101,0.73108
12.96472,14.24714,-0.55857,1.12711,0.81571,0.09620,-0.73532,-0.08301
13.20454,13.72594,-1.25508,0.78362,1.31337,0.03894,-0.76117,-0.72196
13.15631,13.91269,-0.37536,1.14393,0.04723,0.42314,0.37927,-0.80097
12.49785,13.26601,-1.95090,0.92397,0.67867,-0.76718,-0.65738,0.42441
12.63876,13.67954,-0.96190,0.81779,0.19784,-0.47652,0.60691,-0.04443
12.89628,13.55656,-1.33045,1.05495,0.25704,0.89892,0.05846,0.81633
12.45043,13.20081,-2.26266,1.42039,1.42729,0.17932,0.87082,-0.37316
13.23316,13.97577,-2.64449,1.44158,1.08198,0.04433,-0.86146,0.87147
12.61112,13.45383,-0.12340,0.95664,0.20335,0.62921,0.06313,-0.83507
12.81006,13.62608,-2.11655,0.79386,0.15483,0.39295,0.06736,0.45144
12.51337,14.12978,-1.18510,1.26273,0.93465,-0.33621,0.59326,0.68404
13.29822,13.56134,-2.64861,1.24991,0.26750,0.61144,0.82836,-0.89060
12.77592,13.32084,-0.36401,0.84133,1.35137,0.44331,0.12863,-0.72709
13.01760,13.92363,-1.37358,0.93049,1.10491,-0.78130,-0.17689,0.42661
12.90128,13.73977,-1.29166,1.30810,1.29756,0.57280,-0.83333,-0.01965
12.82711,13.82180,-0.52016,0.94947,0.27906,0.73939,0.23255,-0.70436
13.14720,14.03204,-2.86600,0.89102,0.27233,-0.22031,-0.69865,-0.91353
12.91910,13.45749,-2.43598,1.42199,1.36407,0.94960,0.37624,-0.46809
12.48623,14.32669,-0.59589,1.11656,0.14012,-0.76838,0.80118,0.95444
13.10336,14.39570,-1.28152,1.36201,0.29328,-0.94768,0.69896,-0.01561
12.90746,13.97710,-2.02018,0.77444,0.43360,-0.54786,0.38291,-0.69454
12.69621,13.92016,-0.12206,0.89483,0.10908,-0.95800,0.50612,0.08329
12.70940,13.23809,-2.92067,1.15542,1.30166,0.33804,0.58939,-0.15157
13.22552,13.91206,-2.98976,1.39090,0.81566,0.66137,0.08989,-0.81775
12.67366,13.83468,-0.60259,0.84572,0.99994,0.35141,0.18149,-0.66313
13.01944,13.46516,-1.45534,0.94520,1.35683,-0.54474,0.12642,0.89234
13.16985,14.07562,-2.93114,0.77452,0.28363,-0.36994,-0.02590,-0.24204
12.68424,14.00488,-1.16837,0.93498,0.21491,0.92743,-0.46780,-0.81370
12.57898,13.49368,-0.33624,0.74599,0.11761,0.44731,-0.51727,-0.46000
13.21584,14.18946,-2.28248,0.98774,0.28116,0.09186,0.50510,0.95637
13.02263,14.04949,-1.48131,1.13377,0.80785,-0.99965,0.29614,-0.77459
12.89496,13.65567,-2.20008,1.11807,0.41737,-0.89266,-0.80668,0.63491
13.29732,13.32264,-1.82173,1.28915,0.91246,-0.81478,-0.38346,0.49732
12.58319,13.25169,-2.48914,0.94238,1.48601,0.16747,0.38209,-0.15334
13.09721,14.21486,-2.96068,1.08261,0.45078,-0.76969,0.73971,0.70423
12.83638,14.17153,-2.65143,0.86955,0.30565,0.49603,-0.19279,-0.77069
12.93665,13.68851,-1.26992,1.20490,0.10817,0.21215,-0.39641,-0.78903
12.59811,14.05378,-2.71668,1.26135,0.38001,0.86660,0.83006,-0.77124
12.97674,14.03606,-0.62337,0.97329,0.03477,0.74618,-0.21733,0.46709
13.01119,14.35500,-2.73770,1.40313,0.57193,-0.13626,0.56009,0.90064
12.88569,13.58882,-0.50640,1.40707,0.14418,0.54487,-0.95925,0.11378
13.12320,13.25488,-0.20085,0.97438,0.87292,0.04381,-0.24708,0.29872
13.29016,13.90306,-1.35412,1.06269,1.40512,-0.13663,-0.65496,-0.15990
12.79233,13.99437,-1.91797,0.97930,0.70193,-0.35034,-0.01993,-0.45034
13.08371,13.92955,-0.85803,0.74232,0.78996,-0.58624,0.63788,0.89463
12.72289,13.59736,-2.84081,0.96834,0.53114,-0.84534,-0.65480,0.79089
12.66470,13.43062,-0.55524,1.36460,0.26621,-0.15884,0.60848,-0.39693
12.71201,13.61805,-0.75473,1.46346,1.19609,-0.54555,-0.37322,-0.97831
12.77414,13.45431,-2.68737,0.85619,0.86263,-0.43860,0.08871,0.15543
13.15079,13.58200,-1.01198,1.42823,0.45178,0.74924,-0.63712,0.85706
13.12445,14.27520,-0.53459,1.00795,1.24785,0.60135,0.86926,-0.27959
12.76373,14.36358,-2.15586,1.14487,1.06303,-0.58142,-0.71746,-0.17987
12.50630,13.20286,-2.18159,0.75828,0.21753,-0.60132,-0.03997,-0.60906
12.81369,13.49821,-2.01640,1.42151,1.11116,-0.50247,-0.27891,0.97839
12.81452,13.96573,-0.68755,1.33208,1.38222,0.45366,0.10996,-0.87089
12.40004,14.34396,-2.40807,1.38151,0.29390,0.60698,-0.85318,0.73680
12.59714,13.22565,-1.87296,0.86931,0.41544,0.23354,-0.95070,0.20842
12.63421,14.05949,-2.65675,1.35730,0.91455,0.17287,-0.49420,-0.66177
12.91721,14.38975,-1.88855,1.27367,0.81118,0.92442,-0.85518,-0.59875
13.27613,13.37082,-2.38170,1.17283,0.52251,0.00355,0.35770,0.80968
12.48049,13.20410,-2.19521,0.93364,1.17914,-0.79286,-0.72623,0.25950
12.83876,13.61339,-0.03223,0.71214,0.75804,-0.69347,0.41181,0.35563
12.45313,13.41703,-1.98321,0.98037,1.15974,0.47734,-0.83905,0.74648
12.58467,14.09853,-2.24712,0.85094,1.15849,0.38997,0.06660,0.63505
12.52603,14.08544,-1.91405,0.76334,0.91676,-0.07907,-0.40735,-0.93101
13.05747,13.88660,-0.37808,0.78765,0.59077,-0.39212,-0.11043,0.65580
12.73019,13.63620,-2.25619,1.03169,0.36828,-0.29043,0.81605,-0.13127
12.53770,13.20580,-0.97575,1.17060,1.44196,0.52347,0.98317,-0.54012
12.63893,13.26758,-2.73382,0.96304,1.04762,0.99311,-0.19038,-0.24218
12.57418,14.35630,-0.75616,1.02242,1.31573,0.18312,0.08962,0.95075
12.74213,13.27942,-0.51342,1.11387,0.39376,0.29729,-0.22034,-0.49920
12.95114,13.68164,-0.51061,1.20099,1.11611,0.89372,-0.03072,-0.71476
12.54715,13.87597,-2.08944,1.37650,0.39738,0.12467,-0.23656,-0.84763
13.11508,13.60386,-2.15699,1.33613,0.94923,0.87516,-0.11907,0.44311
13.27610,13.94240,-1.22866,1.23107,1.45479,0.95856,-0.75452,-0.40199
13.25696,13.20662,-2.10466,1.29137,1.18668,-0.50520,0.79327,-0.98186
12.93490,13.30898,-1.78519,1.27081,0.20329,0.67008,-0.12085,0.64576
12.67490,13.62493,-2.55002,1.46874,1.06703,0.57553,0.66271,-0.26439
12.96978,14.07878,-1.61043,0.84855,1.04752,0.01830,-0.44126,0.27244
12.42197,14.36324,-1.20006,1.01345,0.82410,-0.42362,-0.29914,0.13702
12.91083,14.03719,-1.37820,0.75565,1.09287,-0.57973,0.43780,0.73419
12.47296,13.60169,-0.77405,0.98117,1.21303,0.15500,-0.37929,0.84573
13.26262,13.97671,-2.23500,0.93613,0.53516,0.97751,0.34743,-0.40600
12.71508,13.86389,-1.67566,1.09892,1.25381,0.83697,0.07680,0.91190
13.12588,14.13309,-0.39455,1.17772,1.40635,0.07560,-0.24596,-0.93504
12.60412,14.36990,-1.11749,1.20120,0.00868,-0.10703,0.37661,-0.62089
13.24719,13.33555,-1.91106,1.21359,1.31617,0.10080,-0.77793,0.18445
12.90600,13.38545,-0.23143,0.87959,0.40187,-0.73538,-0.69519,0.71420
12.86280,14.33724,-0.20021,0.84471,0.42329,0.13515,0.25128,-0.81187
13.19503,13.20708,-2.24472,0.77855,0.67002,0.28879,-0.45283,-0.92927
12.55906,14.35458,-0.71488,1.36228,0.41055,-0.40983,0.37272,-0.33829
13.02420,14.16348,-2.21332,1.26714,1.20416,-0.90090,0.28978,0.66039
13.14107,13.56106,-0.46118,1.38869,1.34942,0.88926,0.78637,0.58479
12.64948,14.19407,-1.73553,0.73132,0.98354,0.60281,-0.40213,0.19549
12.40853,13.36541,-2.59282,0.90869,0.84226,0.04989,0.55660,-0.79679
12.79124,13.28852,-2.89805,0.86770,1.40004,-0.69670,0.80496,-0.33945
12.47263,14.39347,-2.55703,1.42024,0.36818,-0.59626,-0.18384,0.46562
13.04882,13.49539,-0.18587,1.44820,1.14135,-0.05460,-0.86218,-0.86193
13.24352,13.27572,-2.85324,0.72024,1.45629,-0.96984,-0.67066,0.12814
12.75795,13.22933,-2.94195,0.70023,1.18063,-0.60467,-0.60119,0.77988
12.69538,14.30730,-2.92061,1.48485,1.14063,0.22310,-0.32199,-0.18782
12.43323,13.81019,-2.16737,1.49139,1.34164,0.74440,0.57305,0.12412
12.94960,13.91883,-1.50975,0.81165,0.13939,0.71927,-0.25433,-0.87787
12.71277,13.79156,-2.67703,0.74323,1.22952,-0.09532,0.28448,0.20246
13.02626,13.60043,-0.10273,0.94829,1.21939,0.83772,0.33781,-0.73912
12.79459,14.09873,-0.89162,1.21135,0.35460,0.64044,0.18945,0.61346
13.09432,14.17599,-0.35721,0.91560,1.26113,-0.01441,-0.16436,0.96440
12.56825,13.25748,-1.33919,1.49126,0.68885,-0.55295,-0.22387,0.20297
12.79783,13.21890,-1.31890,1.27335,0.57429,-0.49465,0.51257,0.74226
13.17704,14.26307,-1.56262,1.31589,0.39665,0.44892,-0.36913,-0.72518
12.67210,13.28769,-1.32857,0.89998,0.60574,-0.12716,0.67267,-0.47530
13.18832,13.30739,-2.26374,1.04749,0.17840,0.98575,-0.01276,-0.21718
13.13551,14.11294,-2.02975,0.98160,1.25045,-0.35554,-0.19184,-0.35297
12.93566,13.20132,-0.46888,1.36250,0.66451,-0.53205,0.74038,0.76528
13.27930,13.91243,-1.58482,1.29825,0.40084,0.06234,-0.03141,0.15336
12.96521,13.91006,-0.38416,0.88680,0.06044,0.48259,-0.19398,0.06066
12.65307,13.41936,-1.83524,1.15020,1.49727,0.78895,-0.61852,-0.92681
12.60270,13.87159,-2.02123,1.43602,0.08714,-0.22913,-0.00485,0.49470
12.78955,14.00069,-2.80040,1.19649,0.09487,0.04473,0.69443,0.30963
13.04424,13.91272,-1.55173,1.12978,1.49647,0.55272,0.51603,-0.28454
12.45712,13.83809,-0.26166,1.21870,1.28003,0.57391,0.47188,-0.61912
12.68276,14.35348,-2.57770,0.99874,0.52954,0.05068,-0.27842,-0.01428
12.49833,14.18143,-1.45966,0.73740,0.05949,-0.66507,0.58367,-0.23554
12.42656,13.26452,-0.75998,1.27021,1.28279,0.56523,-0.46967,0.94504
13.24433,13.38766,-2.56730,1.31170,0.62216,0.88660,-0.70535,0.37044
12.95888,13.68472,-0.14034,0.94566,0.47975,-0.31105,-0.51508,0.72669
13.10434,14.04336,-2.27003,0.70999,1.19761,0.04870,-0.46577,-0.81149
12.80117,13.63959,-1.08101,1.44079,0.05531,0.21628,0.05409,0.30259
12.51120,13.20948,-1.90050,1.42873,0.45181,0.43927,-0.02401,-0.56803
12.91976,13.26589,-2.64652,1.25887,1.19260,0.98210,-0.59383,-0.02851
12.86163,13.88415,-1.02743,0.96054,1.29963,0.88626,0.47550,-0.81128
12.53235,13.76319,-1.90258,0.76566,0.49477,-0.13486,-0.35882,0.40146
12.93044,13.36958,-2.81456,1.00876,0.98499,0.99280,-0.39181,-0.58384
12.89064,13.80928,-0.90165,1.21075,0.72582,-0.86570,0.05180,0.13693
13.18355,13.79182,-0.40788,1.15526,0.27900,0.76781,-0.83375,-0.95652
12.42478,14.32431,-1.72086,1.27129,0.66603,-0.77824,-0.65209,-0.41001
13.15609,13.94689,-1.17509,1.38490,0.01799,-0.66731,-0.46936,-0.19567
12.72003,13.99321,-1.24120,0.85962,1.34843,-0.77322,0.30578,-0.19381
12.93252,14.38729,-2.56052,0.99239,0.69391,-0.73207,0.81266,-0.37980
13.21148,14.25514,-1.97447,0.89230,0.35899,-0.05571,0.51099,0.50909
13.28755,13.22987,-2.80898,1.16845,0.23652,-0.20443,-0.64552,-0.14053
12.62344,13.80966,-0.40468,1.21733,0.12677,-0.94299,0.77992,-0.22490
13.12943,13.30912,-1.60683,1.15724,0.61698,-0.43479,0.56845,-0.25386
12.88403,14.15290,-2.24305,1.29290,0.37464,-0.61544,0.69905,0.32525
13.25372,14.33448,-1.38489,1.23581,1.27610,-0.45251,-0.75134,-0.52270
12.67491,14.20006,-1.25412,0.95075,1.09086,-0.21940,-0.79095,-0.39706
13.09925,14.38587,-2.38963,1.15784,1.32999,0.55341,0.41009,-0.34769
12.46136,13.43979,-2.22673,0.87749,0.17868,-0.89797,-0.72971,0.69027
13.00744,13.72727,-1.91838,0.80461,0.66407,-0.16000,-0.06981,0.46172
12.42319,14.09623,-1.64994,1.12363,0.89561,-0.58284,-0.33867,-0.26412
12.45814,14.11291,-0.87850,1.24226,0.87673,0.13857,0.47945,0.80882
12.54660,13.72884,-1.73482,0.77645,0.86850,0.02241,0.98874,-0.96076
13.23048,13.80575,-0.09401,1.04475,1.41573,-0.55446,-0.19859,0.40099
13.08178,14.17457,-0.09206,0.80174,0.55754,0.48975,-0.56551,-0.71280
13.20502,13.87853,-2.80413,1.48471,1.25013,0.25057,0.87761,0.08009
12.55877,13.65139,-2.20614,1.37369,1.49251,0.30126,0.68702,0.70408
12.58826,13.24381,-1.28196,0.73810,1.20602,-0.82418,0.34035,0.03862
12.96362,14.14095,-1.58735,1.45322,1.38086,0.21873,0.92821,-0.22695
12.47327,13.73100,-0.38917,1.00307,0.99182,0.43182,-0.74946,-0.24177
12.61863,13.62429,-0.72985,1.44406,0.82040,-0.96601,0.25738,-0.79758
12.60038,13.72180,-1.28733,1.18767,0.08844,0.24340,-0.47287,0.89754
13.28231,14.23149,-2.56682,1.20312,0.94347,-0.59133,-0.22029,-0.82394
12.94180,14.31967,-1.02911,1.00790,0.83305,-0.03566,-0.87617,-0.43236
13.18170,14.26003,-2.91727,1.32709,1.43452,0.73586,0.65940,0.37818
12.79115,13.23399,-0.30616,0.89913,0.43217,-0.38636,-0.53392,0.87822
13.09411,14.08623,-2.95489,0.91495,0.91253,0.29549,-0.17488,0.56489
13.27924,13.42030,-0.63880,0.83144,0.02810,0.48387,-0.65871,-0.04963
12.40107,13.64049,-1.53840,0.98403,0.77061,0.81704,0.91119,0.42981
12.72368,13.59466,-1.82310,0.99841,0.02300,-0.69039,0.04815,-0.08065
12.90011,14.15363,-0.44681,0.84789,1.38972,-0.09012,0.70234,0.29838
13.21907,14.16151,-1.31214,1.30816,0.01179,0.09791,-0.42491,-0.86170
12.63180,14.10807,-2.30872,0.99509,1.13907,0.94306,-0.41896,-0.37966
12.73631,14.33038,-1.34206,0.95010,0.23809,0.26033,-0.41987,-0.52217
13.05254,13.22522,-2.42078,1.23120,1.21090,-0.36613,-0.69589,0.70983
12.85548,14.19905,-2.43456,1.42703,0.02871,-0.40105,0.97523,-0.02707
12.83431,13.90472,-0.06260,0.84937,1.19392,0.74374,-0.75194,0.55713
12.97070,14.24391,-2.30851,0.70608,0.17034,-0.50722,0.17689,-0.15147
13.00068,13.88313,-2.92738,0.89089,0.17751,-0.67294,-0.90890,-0.23129
12.77831,14.13228,-0.67433,0.94382,0.88454,0.73146,0.51795,0.83757
12.56870,13.48614,-1.16768,1.43647,0.51967,0.68391,0.89981,-0.97472
13.18839,14.00530,-0.20826,1.40041,0.46642,-0.47244,0.49761,-0.21522
13.22033,13.66241,-2.59822,1.19345,1.45876,0.61002,-0.24750,0.77030
12.91233,14.31955,-1.18797,1.46296,0.58762,-0.78422,0.05178,-0.91308
12.53055,13.85529,-0.51128,0.92196,0.99508,0.19705,0.71690,0.58172
13.05814,14.26737,-2.94602,1.02428,0.10751,-0.96079,0.33340,-0.07405
13.07685,13.64027,-1.77350,1.27470,0.14327,-0.99546,0.22844,0.34300
12.67120,13.99087,-0.13396,1.26774,0.88891,0.68114,-0.68570,-0.72690
13.03032,13.35993,-0.74889,1.00207,0.74556,-0.99958,0.16231,0.17612
12.51262,14.14651,-1.62012,1.35872,0.09086,0.55774,-0.16271,0.79430
12.87223,13.95251,-0.65089,1.18577,0.10380,-0.44126,0.16320,0.82445
12.73813,13.48211,-1.32193,1.25187,1.07724,0.36099,0.38637,-0.51676
12.43754,13.86594,-2.87380,1.10085,1.12327,-0.14454,-0.53155,0.10393
12.88167,13.95231,-0.00712,0.83969,1.10145,0.87618,-0.53847,-0.66447
12.81146,13.71298,-0.69508,1.29536,1.39214,-0.26867,0.96968,0.53092
13.26340,13.74583,-2.04985,0.98239,0.15924,-0.74603,-0.96763,0.06258
12.55379,14.16711,-0.68036,1.31944,1.25002,0.66319,0.93166,0.20856
13.14838,13.74335,-1.69774,1.03109,1.32606,0.62073,-0.92104,-0.38356
12.78087,13.98206,-2.54141,1.29436,0.72157,0.20321,-0.35873,0.05492
12.65764,13.32472,-0.25293,1.10277,0.83617,-0.17625,-0.79297,0.62602
13.12812,13.98854,-0.11446,1.23630,1.24947,-0.74431,-0.87827,0.46446
12.61456,14.09772,-0.39633,0.70985,1.35242,0.76559,0.49576,0.39479
13.08612,13.50738,-2.16728,1.32637,0.34252,-0.82861,0.10964,0.03275
12.75031,14.06669,-0.17944,1.26676,0.52025,0.98505,0.84730,0.48274
13.26171,14.28223,-1.83177,1.48842,1.23346,0.38468,0.11265,-0.73173
12.64789,14.26159,-1.02974,1.02591,1.37723,-0.35120,-0.61943,-0.75893
13.10631,13.37621,-1.31257,1.42825,1.32080,-0.80410,0.01583,0.38135
12.52760,13.52984,-0.28848,0.84507,0.05754,0.56765,0.58010,0.05929
12.42138,13.45614,-0.07156,1.01477,0.71556,0.14860,-0.12686,0.17974
12.56788,13.32380,-0.93369,1.00760,1.30704,-0.81329,-0.37533,-0.13994
12.75003,13.79935,-0.27111,1.44620,1.20311,0.69756,-0.16045,0.34044
13.05425,13.97033,-0.03848,0.70986,0.19768,0.78351,-0.62449,-0.98814
12.55947,13.47894,-2.33415,1.33091,1.22617,0.55666,-0.73889,-0.05902
12.62087,13.71770,-1.94140,0.96744,0.86106,0.83857,0.23040,-0.04887
13.19172,13.36242,-0.05794,1.27015,0.08033,-0.95682,-0.68721,0.42296
12.72629,13.42465,-2.12371,1.13779,1.42908,-0.19212,-0.10224,0.27541
12.53322,14.17155,-0.99635,1.23628,1.48213,-0.48130,0.21267,-0.91607
12.51768,13.21220,-1.47481,0.73568,0.89152,-0.70968,0.49356,-0.78446
13.01191,13.89873,-0.76135,1.43080,0.03767,-0.13136,0.25554,0.42379
13.06015,14.15611,-0.54202,1.08683,0.69820,-0.06498,-0.67581,-0.11972
13.23365,13.27715,-1.83728,1.07385,1.31054,-0.02355,-0.50789,-0.84510
12.89778,13.49109,-1.76817,0.95901,0.70154,0.04542,-0.76266,0.46873
12.75234,13.70314,-2.36494,0.87888,1.22897,-0.24390,0.13020,-0.13640
12.80611,13.78346,-2.14219,1.24088,0.08160,-0.42993,-0.82325,0.38357
12.95800,14.11612,-2.13749,0.94537,0.18718,0.26843,-0.63124,-0.04456
12.58113,13.41812,-2.04032,1.37688,0.30717,0.27951,-0.70626,0.19536
13.24863,13.54742,-2.20321,1.12763,0.92140,-0.34707,-0.43464,-0.06692
12.65050,14.39246,-0.50220,1.18423,0.93739,0.96648,0.41135,0.04298
12.42491,13.60454,-2.99880,1.37368,1.04742,-0.52001,0.14115,-0.83810
13.23678,14.13298,-2.24027,1.00581,0.46756,0.04635,-0.69090,-0.41077
13.09088,14.13099,-0.89004,1.39988,0.15102,-0.85824,-0.03291,0.77261
12.92854,13.87911,-1.25471,1.15483,0.07532,-0.77180,-0.64327,-0.72830
13.05467,13.32669,-2.46563,0.72396,1.01892,0.23189,0.76655,-0.94072
13.00350,13.70331,-1.22335,1.00724,0.60774,0.65031,-0.02478,-0.58116
13.29093,13.40958,-0.17664,1.48542,0.17812,0.24295,0.06772,0.72963
13.01951,13.83127,-0.53398,0.76325,1.20292,0.22429,-0.46446,0.00076
13.26949,13.84070,-1.57345,1.06082,0.02771,-0.23422,-0.47416,0.07705
12.56086,13.52776,-2.93438,1.07031,0.61713,0.60709,-0.18331,-0.96101
13.09403,13.55070,-1.95228,0.78928,1.20780,-0.23495,-0.63638,-0.47334
12.45515,13.60122,-0.66997,0.84837,0.86577,0.24494,-0.59957,0.08592
13.11654,13.36585,-0.44429,0.94921,0.89204,-0.26419,-0.32237,-0.23670
12.79740,14.05861,-2.87292,1.25168,0.45029,-0.02314,-0.76590,-0.64479
12.80555,13.71594,-0.06163,1.23595,1.14823,0.50370,-0.81719,-0.71210
12.44547,13.86132,-2.92887,0.84578,0.19822,-0.23226,-0.15908,0.20365
13.20286,14.04371,-1.49925,0.95230,1.16338,0.48674,0.88486,0.21511
12.77594,13.35013,-0.66486,1.45360,0.11117,0.43640,-0.80136,0.20416
12.96265,14.26500,-1.13972,1.44183,0.77454,-0.58326,-0.56785,0.00747
12.79028,13.61277,-0.92623,1.48719,0.76069,-0.05568,0.20005,-0.89619
13.24481,13.92399,-2.15718,1.05501,1.02958,0.51547,-0.66597,0.95420
12.69422,14.03934,-1.78411,1.01472,1.37334,-0.60626,-0.99106,0.00087
13.00546,14.06022,-1.64906,1.39308,0.28067,0.55854,-0.07589,-0.43238
12.81784,14.35009,-2.71996,1.33458,1.42473,0.83804,0.14700,0.30842
12.75683,14.30807,-1.43057,1.18732,0.13573,-0.54213,-0.14872,0.20568
13.09568,13.62980,-2.88562,1.14922,0.04765,0.67631,-0.55600,0.04611
12.41777,13.69653,-0.31957,1.07536,1.01431,0.18263,0.88113,0.69258
13.03891,13.42472,-1.78303,1.23775,0.50699,0.53932,-0.13401,0.35507
12.50511,14.29539,-2.88539,1.33498,0.43373,0.54775,0.02094,-0.60771
12.94398,13.40520,-2.84233,1.27747,0.00486,0.61393,-0.11653,-0.88264
12.66367,13.53247,-2.69006,1.43024,0.53632,0.89040,-0.20756,-0.51582
12.51101,13.62396,-0.43594,0.71750,0.06460,0.69461,0.39214,-0.90175
12.40323,13.59030,-1.98507,1.24026,0.81200,-0.08731,0.91096,-0.75057
12.93835,14.07648,-2.09670,0.81376,0.18088,-0.34798,0.19931,0.88182
12.54079,14.20849,-1.87485,0.79813,0.79167,0.31462,0.03342,-0.37953
12.74802,13.83088,-1.55441,1.22290,0.49354,0.53441,0.44958,-0.46263
12.85356,13.83348,-1.86661,1.21408,0.45964,0.13038,0.45759,-0.92767
13.20256,13.68929,-1.85518,0.87326,1.05253,0.53208,-0.11052,-0.13970
12.60906,13.29582,-1.52865,0.97754,0.25156,-0.60698,-0.91432,0.60465
12.60676,14.30874,-0.96399,1.29738,1.44451,-0.01110,-0.60616,-0.65337
12.52140,13.40913,-0.23368,1.11132,0.17084,0.54673,0.48499,0.28897
12.46407,14.21032,-1.05764,0.78856,0.20795,-0.29023,-0.75364,-0.65229
13.16791,13.35073,-2.99594,0.84271,0.69302,-0.18309,-0.75871,0.36157
12.80402,13.72678,-1.25841,0.76317,1.34011,0.10096,0.37292,0.49426
12.68832,13.43052,-0.53682,1.27771,1.14055,-0.75512,-0.10366,0.65755
12.47449,13.83961,-2.84496,1.25782,0.64380,-0.59686,-0.73039,-0.91702
12.83184,13.96433,-0.89313,1.09367,1.29209,-0.86073,0.82640,0.07881
12.51925,13.42538,-2.21346,0.94620,0.34946,0.65252,0.70612,-0.59402
13.24811,13.88966,-0.54370,1.49778,1.30376,-0.69480,0.26643,0.33461
12.90206,14.06735,-0.27734,1.19919,0.45124,0.20450,-0.91828,0.62353
12.79018,13.63715,-1.71336,0.85684,0.16544,-0.49886,-0.33824,-0.71748
12.46668,13.50559,-2.27530,0.97350,0.69815,-0.41575,0.98026,0.06860
12.75030,13.23006,-1.51317,1.33746,0.66945,0.30861,-0.08783,0.91123
12.65544,13.58335,-1.41584,1.07726,0.90638,-0.45765,0.98022,0.37840
12.58054,13.64162,-0.58079,0.99453,0.33917,0.56602,-0.83911,0.68390
12.43180,13.36832,-2.11288,1.37834,0.32910,0.55562,-0.26950,0.56922
12.53369,14.11383,-2.67069,1.13874,1.07644,0.92346,-0.10319,-0.76484
12.54697,14.10389,-2.44325,1.18590,0.32634,0.73944,-0.78467,-0.57377
12.73495,14.24789,-1.53334,1.18048,0.78151,0.97309,0.81547,-0.04420
12.56470,13.56804,-1.11471,0.98747,0.17173,-0.72635,0.86547,0.02750
12.47802,13.48096,-2.86539,0.95394,0.68561,0.41649,-0.05634,-0.49554
12.79437,13.93763,-0.48063,0.99731,0.11367,-0.25340,0.96497,0.65742
12.69228,14.10428,-2.93726,0.72163,0.80090,-0.86450,0.33342,-0.68352
12.95370,13.73991,-0.94802,1.03085,0.76830,-0.41577,0.10351,0.34583
12.42085,13.44160,-0.65719,0.99402,1.37763,-0.53280,0.88826,-0.67751
12.55222,14.03401,-0.28837,0.80046,1.25989,-0.77554,-0.97316,0.79927
12.91969,13.63579,-1.95217,0.82978,1.27786,-0.51643,-0.04265,0.57464
13.24309,14.31960,-2.04979,1.02148,0.86960,-0.95270,0.79221,0.21970
12.47716,13.84220,-1.84117,1.18600,0.82103,0.16128,0.45904,0.00899
12.98321,14.37360,-1.63423,1.27646,1.07240,-0.35820,0.03327,0.54782
13.14326,13.38428,-2.81657,1.03844,1.04803,-0.61206,0.04167,-0.18423
12.69752,14.11670,-1.71936,1.36461,1.13926,0.45007,-0.71402,-0.91099
13.14190,14.07963,-0.87495,1.06453,1.00071,0.19311,0.81828,-0.37460
12.70107,13.32378,-1.60704,1.34943,1.01699,-0.24327,-0.15083,0.75827
13.28695,13.22035,-0.89239,0.83910,0.87199,-0.50363,-0.88445,0.52757
13.29714,14.31607,-0.77574,1.39197,0.78751,-0.00672,0.19500,-0.32280
12.63010,13.79917,-1.33926,0.84821,1.37060,0.40766,0.99573,-0.80789
12.62457,13.50751,-1.85113,1.07200,0.77101,0.22029,-0.01663,-0.59691
12.95518,13.87285,-2.37315,0.81330,0.60820,-0.77900,-0.78863,0.73315
12.60532,13.44767,-2.23234,0.99116,0.25148,-0.48702,0.42398,0.42472
12.49396,14.39194,-1.85129,0.82676,0.40287,0.19002,0.24114,0.20295
13.15139,13.59339,-2.14311,1.35211,1.24202,-0.06367,0.99385,0.03593
12.57737,14.17790,-2.80752,1.11835,1.45271,-0.73057,-0.29865,0.01461
12.46051,13.92992,-1.78917,1.00233,0.81974,-0.70361,-0.00217,-0.67814
12.67882,13.92001,-0.21818,1.04570,0.69535,0.38290,0.33209,0.81475
12.67925,13.59401,-0.46478,0.95281,0.42320,0.21549,0.64643,0.57687
12.82320,13.67589,-0.37411,1.36959,0.72066,0.10675,0.88623,-0.89921
13.16589,13.73805,-2.10124,1.23196,0.12708,-0.89864,0.09189,-0.83133
12.44018,13.91489,-0.19794,0.73023,1.39976,0.83045,0.54315,-0.88618
12.70785,13.98547,-1.96840,0.70484,1.27722,0.39224,-0.03693,0.80323
12.59382,13.27185,-1.36304,0.83879,0.04841,0.93949,-0.52332,0.93429
12.57036,14.36335,-1.02261,0.90783,0.83046,-0.48761,-0.61152,-0.99411
12.83292,14.23380,-2.95501,0.78625,1.16936,-0.34345,-0.91838,0.12079
12.43865,14.23811,-0.28173,1.38482,1.04808,-0.43551,-0.81327,-0.11954
13.13851,13.20357,-0.90043,0.72448,1.37587,0.59743,0.19077,0.59190
12.69931,13.52397,-2.44608,1.18023,1.47039,0.72027,0.62960,0.35236
12.42807,13.97986,-1.08262,0.91714,1.32240,0.19077,-0.23128,0.50148
13.06643,13.71786,-0.54228,1.26166,0.04055,-0.27353,0.14073,0.19629
12.75737,13.44069,-0.70933,1.23405,0.68529,-0.94506,-0.77580,-0.56634
12.41022,14.17856,-2.28789,0.75101,1.22340,0.75244,0.76011,-0.46848
12.69870,13.83597,-2.94255,0.84235,0.10051,0.13679,-0.75555,-0.67974
12.53761,14.03155,-0.18914,0.99769,1.48772,0.39001,-0.03458,0.01511
12.82195,14.28436,-1.41712,1.25953,1.27047,-0.40401,0.83587,0.01218
12.81719,13.29273,-2.80802,1.05297,0.05045,-0.77820,-0.78218,0.12307
12.68881,13.41426,-0.88696,0.95647,1.20403,-0.36503,0.80523,-0.95818
13.12687,13.68365,-1.20574,1.39018,0.41566,0.29193,0.95309,-0.23723
12.94460,13.97511,-0.24730,0.83009,0.72380,-0.35131,-0.01163,0.27301
12.46000,13.30838,-0.68249,0.86500,0.58726,-0.76076,-0.87589,-0.08547
13.17610,13.29266,-0.19990,0.90565,0.74525,-0.97508,-0.46307,0.10115
12.78561,13.41204,-2.73008,1.16830,0.32988,0.17704,-0.74574,0.85843
13.20935,13.76324,-2.24952,1.02542,0.52402,-0.34886,0.53732,0.34048
12.91617,14.26993,-1.52881,1.33360,1.01439,0.44206,-0.88329,-0.90337
12.94630,13.33066,-1.14887,0.83658,0.27745,-0.98379,-0.97525,0.53541
13.15822,14.17266,-2.05867,1.48622,0.59505,-0.92495,-0.13569,0.06263
12.96937,13.26705,-1.68511,1.43115,0.31414,0.68514,0.75464,-0.52512
12.59622,13.78647,-1.33024,0.73167,0.24474,-0.37444,-0.96682,-0.01374
12.46785,13.56471,-0.41332,0.77756,0.32154,-0.83220,-0.40557,0.57408
12.94429,13.75147,-2.71519,0.72909,1.15139,-0.69087,0.90090,0.84994
12.83189,13.45824,-1.73114,1.15009,0.49974,-0.00953,0.87958,0.65989
12.73903,13.71555,-0.71081,1.17825,0.62994,-0.94310,-0.44605,-0.75407
12.67040,13.53751,-0.38863,0.85583,1.40717,0.45769,-0.51975,-0.10801
12.40307,13.27807,-1.42242,0.80263,1.13503,-0.76757,-0.43485,-0.69005
12.98038,13.52726,-0.67477,1.33933,1.46309,-0.59804,0.12059,0.66037
12.44690,14.33814,-1.48000,1.24005,0.97164,0.33533,0.07385,-0.06287
12.87291,14.39804,-0.52381,0.83567,0.38527,-0.15641,-0.42567,0.34861
12.77083,14.38709,-1.10473,0.83822,0.04925,-0.61713,0.47868,0.96480
13.16097,13.63101,-0.24481,1.12187,0.71081,0.59983,-0.97961,-0.10197
13.07991,14.01586,-0.82377,1.23856,1.19393,0.87645,0.43314,0.73143
12.59746,14.15335,-1.83194,1.17031,1.17507,-0.36359,-0.94160,0.42426
13.27506,13.75434,-2.51844,0.76269,1.15732,-0.36344,-0.47093,0.18463
12.45423,13.56269,-1.56777,0.89706,1.23260,0.58857,0.20252,-0.43964
12.65145,14.11153,-1.27493,1.39000,0.59745,-0.33062,0.20500,0.78492
12.69197,14.11231,-0.42470,0.95911,0.16772,-0.16238,0.42069,0.12887
12.47991,14.08710,-0.83417,0.77437,0.51304,0.69349,0.58230,0.05594
13.14136,14.11159,-1.14016,1.12166,0.50835,-0.32816,-0.49401,-0.82863
12.69541,13.94756,-0.56761,1.15566,1.10935,-0.99079,-0.55965,0.41162
12.42907,14.30026,-0.05326,0.76228,0.60059,-0.41819,-0.40842,0.56528
12.67402,14.34294,-1.50522,0.98784,1.37247,-0.66795,-0.70040,-0.90565
13.02854,14.22551,-1.01644,0.94561,0.86347,0.29469,0.76597,0.73460
12.80500,14.08195,-2.80695,1.46885,0.87225,-0.04491,0.51017,0.70225
12.70771,14.39446,-1.98907,0.97934,0.23321,-0.52814,0.67118,-0.52727
12.85717,14.02509,-0.35331,0.91334,0.90600,-0.28928,-0.88107,0.82196
12.92839,13.40370,-1.97372,1.10505,0.06873,-0.92418,-0.72637,0.83579
12.94406,13.33000,-1.85555,1.32996,0.94564,0.62458,-0.57549,0.78697
12.46092,13.78505,-1.23484,1.36268,1.46568,0.25898,-0.55554,0.81012
12.69286,14.16197,-0.37064,1.47422,1.25711,-0.77519,-0.47030,-0.45075
13.02205,14.32305,-2.06722,1.27485,1.07290,-0.01135,0.83860,-0.21100
13.00031,14.01068,-1.35777,1.30410,0.67518,0.02303,-0.19807,0.28831
12.44347,13.85600,-1.54392,1.46463,1.44271,-0.55304,0.98533,0.56378
13.16763,13.54031,-1.37039,1.27919,0.45247,0.78695,-0.04514,0.38729
12.60669,14.21052,-2.67060,1.35584,1.47755,-0.60138,0.37515,-0.57035
12.49019,13.71208,-2.19999,0.71415,0.73920,0.37176,-0.83715,0.62544
12.89008,14.13454,-0.49144,1.04879,0.77775,0.50538,0.08897,-0.67199
13.25601,14.13082,-2.29134,1.38385,1.11631,-0.07551,-0.40621,-0.44429
12.42783,13.81847,-0.15149,1.21052,0.18999,-0.74599,-0.26382,0.69223
12.69810,14.37939,-2.71878,1.42898,1.44696,-0.46140,-0.96911,0.55038
12.91031,14.23144,-0.02306,1.40604,1.28347,0.97937,-0.79602,0.71407
12.64254,13.98366,-0.18599,1.28494,0.97991,-0.19462,0.52348,0.43521
13.28576,14.15524,-0.74976,1.26416,0.84658,-0.32554,0.93911,0.49897
13.28731,14.15821,-0.36267,1.01138,1.09960,0.00801,-0.53306,0.80048
13.07466,13.85718,-1.77157,0.83360,1.06989,0.71676,0.28477,0.58236
12.64511,13.27539,-0.47711,1.13514,1.07875,0.95477,0.16578,-0.21465
13.18380,14.06082,-1.29243,1.45539,1.49913,0.87269,-0.36530,-0.81517
13.22045,13.21312,-0.61346,1.19183,1.03678,-0.63216,-0.71046,0.54554
12.86735,13.25878,-2.51863,1.21784,0.75934,-0.90365,-0.93700,0.84311
12.99903,14.27003,-2.59833,0.76850,1.04861,0.67844,0.20631,0.32254
12.91412,13.55736,-1.90141,1.24460,0.76727,-0.52345,-0.67057,-0.00329
13.05209,14.06964,-2.44156,1.33067,0.51684,-0.04067,0.63329,0.66340
12.78778,13.34746,-1.31254,1.27464,1.22827,0.35675,0.69479,-0.60225
13.26882,13.96584,-1.17859,0.91478,1.10571,0.67103,-0.52960,-0.15657
12.42851,13.89368,-2.89374,0.74657,1.10182,0.47259,0.90351,0.69540
12.49221,13.87621,-2.91853,0.87786,0.34818,0.16020,0.72290,0.95706
12.57079,13.80889,-0.97061,0.88223,0.05602,-0.91639,-0.34998,-0.77286
12.80926,14.01847,-1.64081,1.20726,1.42069,-0.02021,-0.85337,0.46111
12.52551,13.79049,-1.86376,1.19405,1.27625,-0.01647,0.62953,-0.22592
12.81503,13.45341,-0.37020,0.99864,0.49191,0.62098,0.37430,0.42022
13.06984,13.57994,-2.50874,0.92223,0.19983,-0.22614,0.85364,0.95839
13.08976,13.46340,-1.40817,1.00889,0.83457,0.28926,-0.90481,-0.82566
12.98984,14.27656,-1.47764,1.10795,1.32357,0.79087,-0.59624,-0.28238
13.14127,13.23572,-0.66815,0.76868,1.26707,-0.78551,0.14176,0.16754
13.28974,14.30867,-1.52805,0.96867,0.59690,0.85774,0.78801,-0.72443
12.83415,14.28017,-2.76175,1.08818,0.92528,0.50032,0.76052,0.30372
12.72664,13.41780,-1.19382,1.33064,0.92319,-0.71411,-0.61774,0.87396
12.40859,13.57131,-2.82877,1.07741,0.99746,-0.94180,-0.41116,-0.05673
13.05380,13.56856,-1.04700,0.88655,1.33462,-0.28228,0.73223,-0.52346
13.24435,14.18570,-1.11283,1.06069,0.97582,-0.04445,0.62013,-0.37181
13.23946,13.52481,-0.19006,0.98452,0.07068,-0.11824,0.76288,0.00975
12.82476,13.50433,-1.07291,0.99091,0.80190,0.84618,0.81295,0.66047
12.67140,13.36736,-0.28350,1.21839,0.29792,0.47420,-0.30932,0.84637
13.09560,13.83747,-1.06601,1.19540,0.00033,-0.67658,0.75418,-0.49693
13.11182,13.26497,-1.31196,0.92099,0.55643,-0.30175,0.92801,0.39375
12.79727,14.09498,-2.55345,0.93997,1.49943,0.39764,-0.23472,0.76330
12.41536,14.13306,-0.87015,1.36893,0.83240,0.56429,-0.69556,-0.56276
13.09720,13.88875,-2.46282,0.91496,0.04989,-0.66954,-0.88686,-0.29607
12.62494,14.24013,-2.34734,1.16397,0.13985,0.95936,0.90313,0.71550
12.61809,13.64719,-2.62239,1.14459,0.06297,-0.48408,0.64279,0.94407
12.58909,13.89806,-1.73762,1.20871,0.10764,-0.27000,-0.70659,0.30581
12.57540,13.60261,-1.58109,1.40975,0.52096,-0.28506,-0.57228,-0.28112
12.74226,14.23980,-1.49971,0.92576,0.17641,0.19611,-0.94878,-0.10207
13.11484,13.99988,-1.14420,1.24242,1.34500,0.59849,0.17968,0.01786
12.45848,14.37794,-1.68874,1.30589,0.87678,-0.08701,-0.08427,-0.49140
13.18560,13.25546,-0.39976,0.91444,0.08305,0.94609,0.47809,-0.59936
12.98206,13.40051,-1.01561,1.02804,1.07470,-0.64924,0.39441,-0.22273
12.57998,13.59777,-1.89523,0.73680,0.78434,0.99839,-0.53122,-0.32405
13.23494,13.58152,-2.85757,1.09381,0.13588,-0.86124,-0.82185,0.75405
12.43623,13.80399,-1.31484,1.02433,1.30206,-0.94550,-0.76197,-0.26783
12.71976,13.44972,-0.77020,1.45803,0.74607,-0.49114,0.72311,0.42443
13.07242,14.27781,-0.87413,1.26232,0.99811,0.29736,0.27939,0.17913
12.95969,14.06806,-2.63629,0.90936,0.91866,-0.37657,-0.69538,-0.06421
12.92178,13.41378,-1.50647,1.07164,1.14482,0.95348,-0.13634,-0.24819
13.24194,13.97480,-2.22310,1.11082,0.34143,-0.22395,0.20717,0.63657
12.77391,14.14543,-2.45951,0.93338,0.26019,0.84925,0.67849,0.73573
12.75459,14.07534,-0.28379,1.35419,1.22824,-0.44403,0.04460,0.55617
12.87878,14.26324,-1.61178,1.13704,1.49973,0.81780,-0.59014,-0.08302
12.66545,13.94726,-2.06856,1.14069,0.65400,-0.03728,0.94025,0.90509
13.06439,13.37885,-2.52831,1.13120,1.17150,-0.74757,-0.02367,-0.65734
12.87187,14.13187,-1.48112,0.77039,1.21899,0.61645,0.19784,-0.44452
12.62095,13.62613,-2.48997,1.46337,1.42118,0.24072,-0.54187,0.29490
12.44843,13.22597,-2.96847,1.07010,0.28599,-0.20088,-0.94359,-0.61848
13.17074,13.58470,-2.03789,0.94428,0.46106,-0.12552,0.22500,-0.92397
12.91137,14.09175,-0.43485,1.17436,0.52207,-0.36592,-0.37710,0.40470
12.49671,14.02627,-0.52601,0.70375,1.08189,-0.64154,-0.73836,0.45696
12.97351,14.11677,-0.80785,1.24815,0.81913,0.85415,-0.53384,-0.16245
12.51598,13.25987,-0.98386,0.89957,0.33908,-0.48185,0.73266,0.40952
12.78626,13.47896,-2.05902,0.84011,0.04399,0.88634,-0.85507,-0.19512
12.55480,13.83135,-0.76346,1.34948,0.78309,0.65986,-0.23761,0.00336
13.18406,13.78042,-1.14636,1.16422,0.74834,0.53483,0.27601,0.85202
12.44850,13.83441,-2.41303,0.72944,0.53495,-0.48382,0.75183,0.22405
12.76682,13.85955,-0.65402,0.82991,0.16249,0.05128,-0.86642,0.36798
12.94933,13.84275,-1.28358,1.30569,1.01697,0.80973,0.95790,0.10339
12.83682,13.58347,-1.37620,0.83709,0.03899,-0.39515,0.42482,-0.56771
12.48609,13.51154,-0.71420,1.06680,1.11555,0.48206,-0.32732,0.86652
12.89803,14.11614,-0.41560,1.46374,0.66366,0.42218,0.34652,-0.74724
12.70069,13.61370,-1.52446,0.78448,0.49958,-0.38369,0.11951,0.18165
12.62659,13.35161,-0.73455,1.31255,0.16425,-0.70987,-0.09916,0.94125
12.60253,14.26061,-1.82289,1.42995,0.85321,0.07314,0.60194,-0.54064
13.06433,14.23999,-0.95882,1.06296,0.36269,-0.68911,0.01150,-0.36737
12.57253,13.93118,-0.07511,1.06117,1.17850,0.19718,-0.94592,-0.02838
12.51163,13.37514,-0.38066,0.79152,0.35706,-0.79430,0.32984,-0.63910
13.03110,13.45837,-2.82637,0.82836,0.12347,0.80013,-0.99109,0.22271
12.46321,13.39439,-1.31317,0.78352,0.83030,0.32294,-0.77444,0.32928
13.17248,13.43229,-2.67498,1.24794,1.05790,0.01158,0.14334,-0.02090
13.23223,13.67424,-0.04796,0.89512,1.17654,0.76778,-0.78522,-0.96204
13.20396,13.98280,-2.87666,0.80942,0.42697,0.31455,-0.61965,-0.67290
13.20291,14.34313,-0.71212,0.83142,1.04315,0.25921,-0.30703,0.12971
13.28078,14.10682,-0.66130,1.21609,0.38307,0.70381,-0.97654,0.13834
12.41335,13.49674,-1.71260,1.06455,0.37271,-0.98001,0.32618,-0.17633
12.73225,13.65486,-1.78487,0.99181,1.40574,-0.69326,0.23912,-0.38548
13.10615,14.13833,-1.74276,0.99789,1.40883,0.48174,-0.86461,-0.68982
12.47745,13.58907,-0.02160,0.81438,0.47962,-0.89817,-0.29582,0.72892
13.09978,14.19356,-2.73341,0.97301,0.41970,0.46753,0.15171,-0.72457
12.72060,14.34577,-1.58452,1.43952,0.71566,0.79867,-0.52809,-0.67678
12.49973,14.09851,-2.02674,1.32612,0.74521,0.81526,0.14862,-0.43323
13.29890,14.04969,-1.91331,1.16166,1.26782,0.20699,-0.43011,0.94126
12.83507,13.82140,-2.09901,0.99205,1.08475,-0.44648,0.96228,-0.81777
12.49760,13.54552,-1.39523,1.31873,1.10176,-0.70261,-0.25578,0.64808
13.15441,13.30669,-2.78595,1.41076,1.24318,-0.69979,0.81683,-0.20395
12.61745,13.23915,-2.01495,0.74829,0.95805,0.78766,-0.74316,0.61172
12.88597,13.23355,-1.66256,1.12871,0.67047,0.28089,0.69532,0.89330
13.25383,13.38959,-2.50267,1.35536,1.41571,0.49872,-0.69253,0.32674
12.99206,13.91062,-2.23404,1.11725,0.25025,-0.59326,-0.72328,-0.90907
12.75875,13.45223,-2.83449,0.75814,0.96085,-0.74250,0.05513,0.95916
12.80182,14.06946,-1.72004,1.26978,0.26334,0.94790,0.61074,0.02590
13.00122,13.22769,-1.65542,1.29040,1.22867,-0.69652,-0.39637,-0.82640
13.14447,13.58641,-0.00154,1.04899,0.82264,0.97321,-0.41270,0.14930
12.61208,13.82401,-2.60706,1.25717,0.51417,0.66887,0.73976,0.69757
12.56508,14.12933,-0.28399,1.14627,1.40427,-0.81157,0.44183,-0.01422
12.42237,14.27595,-2.96126,1.00279,0.43090,-0.25856,0.78250,0.44772
12.66551,14.12260,-0.01159,0.87820,0.85040,0.33419,-0.99594,0.31778
12.74284,13.47082,-1.25679,1.01584,0.98341,0.11536,-0.89032,-0.40586
12.99637,13.33152,-1.02228,1.11814,0.22439,0.06429,0.80083,-0.82836
13.18695,14.01502,-2.00440,0.79861,0.97925,0.57114,-0.76185,0.46452
12.86206,14.16059,-0.21547,1.36855,1.11013,-0.81802,-0.37942,-0.69106
12.68828,14.26669,-2.76212,1.43738,0.82681,-0.29391,0.90164,0.77145
12.90269,13.37914,-0.84092,1.26657,0.46958,-0.87414,-0.00809,-0.56129
12.61948,13.98827,-1.35074,1.29345,0.37962,-0.96169,-0.78119,0.05335
12.79528,14.22652,-2.07600,0.93712,0.34582,-0.98279,0.75662,-0.07224
13.23728,13.21940,-2.59579,1.49561,0.13624,-0.05379,-0.86056,0.71580
12.53195,13.54530,-1.93296,1.30157,1.42027,0.09369,-0.02972,-0.14530
12.57215,14.02120,-0.73265,1.16024,1.33198,0.18966,0.29442,-0.56627
13.23206,14.22620,-2.53874,1.38360,0.72950,-0.23324,-0.60173,-0.58866
12.97489,14.15243,-1.00101,1.38853,0.12859,0.53756,-0.01124,0.43132
13.07782,13.30482,-1.49836,0.70186,1.33507,0.33064,-0.97151,0.64872
13.16551,13.66185,-0.06198,0.82383,0.47448,-0.39771,-0.95243,-0.99030
12.69844,13.49681,-2.16057,1.12732,1.32064,-0.20982,0.67073,0.17195
13.04443,13.32446,-0.92234,1.08062,0.83683,-0.56743,0.89439,0.79464
12.63686,13.79839,-0.72842,1.37146,0.68168,-0.96874,0.24279,0.26580
13.13352,14.16729,-0.11855,1.25546,0.73804,-0.15147,0.65729,-0.48379
13.18532,13.79770,-1.73523,1.40367,0.55632,-0.20938,0.52199,0.17631
13.25612,13.39746,-2.19063,0.79407,0.47576,-0.78637,-0.89095,0.13004
13.07924,13.31073,-0.92510,1.19047,1.41420,0.03932,-0.36275,0.24334
12.82560,13.75625,-1.58363,1.18479,0.96846,0.11990,0.42553,0.58419
12.98212,14.39898,-2.19130,1.49975,0.22256,-0.14839,-0.18332,0.25464
13.14851,13.98929,-2.39098,0.83233,0.64066,0.72036,0.76389,-0.80779
13.08387,14.05544,-0.63226,0.96087,0.93733,-0.40718,-0.10973,-0.82298
13.23398,13.56937,-1.98271,1.30377,0.15359,0.63985,-0.26658,-0.45025
12.57866,14.25344,-1.31782,1.13656,0.16758,-0.73686,-0.45009,-0.38006
12.47828,13.73686,-1.15898,1.48125,0.53048,-0.74039,0.86709,0.34390
13.10541,13.64804,-0.43032,1.48973,0.50080,-0.07403,-0.79189,0.48198
12.61011,13.93177,-2.57050,0.80434,1.28051,0.23569,-0.01505,0.58833
13.11122,14.27951,-2.58220,1.17829,0.41032,-0.25520,0.14277,-0.11401
12.92049,14.18643,-2.76920,0.81057,0.05785,0.71790,0.26028,0.88458
13.13673,13.64788,-0.05144,1.21563,0.82796,-0.24370,0.33023,0.44343
13.05501,13.72420,-1.54519,1.39915,1.28842,-0.23638,0.87764,-0.18342
12.66947,14.24484,-0.37220,0.76563,0.32583,0.25674,-0.85744,-0.17293
12.43616,14.11783,-2.29748,1.09077,0.49286,-0.49128,0.65504,-0.09518
12.70120,14.06126,-2.42901,1.40730,0.89624,-0.20809,0.63440,0.08509
13.27151,14.18240,-1.72489,0.83619,1.43005,-0.31113,-0.36630,0.41960
12.73128,13.26381,-0.47273,1.08926,0.81915,-0.57198,-0.21893,-0.13005
13.19312,13.75290,-0.04853,0.73886,0.36577,0.70090,0.05763,-0.85789
12.84674,13.25313,-0.13281,0.79951,0.54105,-0.23681,-0.10407,0.83183
13.09005,13.33735,-0.57156,0.92340,1.19418,-0.47507,-0.66515,0.97933
13.00847,14.27936,-2.25801,1.42567,0.49387,-0.36919,-0.44809,0.89255
12.57128,13.67542,-1.92471,1.16357,0.99780,0.49664,0.99294,-0.16385
12.66723,13.57873,-2.91807,0.92165,0.34793,0.66584,-0.44893,-0.61095
12.66359,14.33978,-2.21781,0.98625,1.02652,-0.29471,-0.01360,0.37953
13.14499,13.71864,-0.20229,1.32096,0.54558,-0.52679,-0.28231,-0.19616
12.53976,14.01334,-2.76045,1.20121,0.22694,-0.54003,-0.14450,-0.72583
12.97025,13.85064,-2.50254,0.96931,0.63834,0.47426,-0.27680,-0.54692
12.47122,13.36010,-1.41855,0.76354,0.84042,-0.02683,0.54105,-0.59855
12.90470,13.44833,-2.04642,0.75721,1.46092,0.84363,-0.18139,0.13356
12.46968,13.74612,-2.70855,1.29390,1.21330,0.64136,0.99439,-0.31113
13.13624,13.24774,-0.89597,1.31091,0.30707,-0.14282,0.85643,-0.28434
12.98146,13.21372,-0.10355,0.88055,0.05027,0.13975,-0.09590,-0.39655
13.02383,13.92141,-1.80229,1.31744,0.43214,0.25890,0.88603,0.85093
12.57486,13.38597,-0.36439,1.12938,0.66144,-0.98515,-0.43405,-0.34869
12.64753,14.10138,-0.08344,0.85069,0.36845,-0.66453,-0.58693,-0.08307
13.00882,13.96339,-2.71620,1.25224,1.40770,-0.29510,-0.06896,-0.68080
13.05004,13.83982,-2.72782,1.40905,0.67419,-0.05406,0.45422,-0.46253
12.62806,13.60208,-0.73503,1.42814,0.43362,-0.71902,-0.66871,0.97262
12.46415,13.83439,-0.70117,1.45585,1.10887,0.07884,0.07277,0.93920
12.60984,13.26749,-1.19339,1.32630,0.93142,0.91357,0.71219,-0.56948
12.79013,13.58290,-0.81248,1.40534,0.87411,-0.69062,0.42278,-0.59922
12.82846,14.30742,-2.44370,0.95971,0.22445,0.98530,0.70225,0.75638
12.55494,13.97000,-0.16719,0.90434,0.78616,-0.51144,-0.13427,-0.13233
12.60387,14.37824,-0.46055,1.29430,0.31306,-0.34302,-0.90707,0.21197
12.53467,14.20176,-0.23507,0.99503,0.03136,0.57283,0.09950,0.41090
12.92164,14.20468,-2.09117,1.29734,0.03655,0.98146,0.26056,-0.21311
12.77516,13.43947,-1.96734,1.08692,1.37384,-0.40682,0.96950,0.66521
13.01073,13.85166,-0.95183,1.02846,0.20845,0.46110,-0.64978,-0.99553
12.93164,13.20221,-1.31029,1.45820,1.06034,0.84503,0.85714,-0.67992
13.17797,13.86181,-0.21436,1.35862,0.84405,0.03936,0.00356,0.82925
13.02086,13.26672,-1.42037,1.03875,0.48980,-0.81886,-0.77012,0.23190
12.61291,13.26916,-0.30492,0.92966,0.29703,0.64196,-0.67479,0.22085
12.54603,13.64544,-0.35252,0.95192,0.02593,-0.48099,0.58119,0.32936
13.01079,13.42823,-1.85402,0.83299,0.32111,-0.75673,0.46259,-0.89427
12.51390,13.39902,-1.91002,1.46054,1.27453,-0.80805,0.57488,0.24153
12.73396,14.28864,-1.71980,0.74696,0.04388,0.28799,-0.00351,-0.21308
12.87687,13.39369,-2.53609,1.39822,1.36154,0.23256,0.20550,-0.07134
12.97200,13.40427,-2.10627,1.31838,0.45795,0.63484,0.63271,-0.54399
12.93240,13.97560,-0.42442,1.43612,1.38419,0.05424,0.40144,-0.08278
12.92865,14.19117,-1.97809,1.38866,0.41648,0.96635,0.07319,0.11500
12.89742,14.03451,-0.29761,1.48138,0.08630,-0.14702,-0.29454,-0.39250
12.88216,14.21899,-1.95477,1.07202,0.56435,0.69816,0.58670,-0.23201
13.19021,13.79105,-0.61199,1.16001,1.28962,-0.39148,0.66308,0.08803
12.81109,14.25836,-2.54093,1.14740,0.21079,0.68556,0.69389,-0.24970
13.01737,13.60848,-0.76196,0.97201,0.08264,-0.32825,0.56453,0.04716
12.41170,14.19817,-0.11956,1.47458,1.42110,0.91544,-0.45253,-0.35882
12.46168,14.37392,-0.45718,1.48229,1.05886,0.61712,0.76562,0.43723
12.71285,13.32399,-1.42605,1.01231,1.17975,-0.55658,-0.40831,-0.27435
12.59156,14.24158,-2.93439,0.70940,1.13323,0.05006,-0.10046,0.62860
13.20875,13.34677,-0.81802,1.29571,1.40330,-0.56014,-0.10804,-0.04014
12.40799,13.36291,-0.51986,0.76240,0.33563,0.02116,-0.68972,-0.94469
12.99744,13.61220,-0.97452,1.08751,0.42413,0.71242,0.04660,-0.38610
12.72834,13.74638,-0.14057,1.08604,0.20873,0.39049,0.36548,-0.57696
12.95286,13.59437,-1.52308,1.07709,0.46473,0.41615,0.48884,-0.45401
13.09776,14.12113,-0.73855,1.07062,0.67819,0.77110,-0.46940,0.71616
12.67968,14.35784,-1.72445,1.12548,1.30560,-0.13171,-0.10194,-0.74996
12.73022,13.35813,-1.40474,0.83796,0.86933,-0.13843,-0.47345,-0.16724
12.60066,13.80060,-2.05778,1.43393,0.71252,-0.34608,-0.58471,0.88388
12.94538,14.33406,-1.84766,1.17084,0.16193,-0.52904,0.89582,-0.58641
13.03681,13.24687,-0.42862,0.92659,1.43716,0.51679,0.15931,0.99854
12.46334,13.86935,-1.64420,0.87996,0.85642,0.85425,-0.87038,-0.29340
12.44928,13.88000,-0.32051,1.42663,0.82355,0.63041,-0.99471,-0.68614
13.22506,14.06864,-0.27365,1.48911,0.98676,0.73074,-0.96308,-0.39879
13.11502,13.44338,-0.18809,0.94524,0.19692,-0.00215,0.98437,0.78998
12.82982,13.75398,-1.56517,1.23428,0.05600,0.26459,0.55546,0.67636
13.28211,14.24851,-0.25344,1.34806,0.63512,0.99069,0.79326,-0.30361
12.52553,13.43668,-0.84300,1.43489,1.35699,-0.06312,0.35815,-0.01801
13.21850,14.01023,-1.34012,1.42721,0.25779,0.71607,0.93654,-0.32551
13.06923,14.31214,-2.09844,0.93677,0.73682,0.63275,-0.19460,-0.87794
12.58517,14.05897,-0.93074,1.03980,1.34660,0.42214,-0.23497,-0.84034
13.23210,13.73350,-0.84939,1.28954,0.04843,0.35575,-0.72905,-0.54942
12.81728,13.22874,-0.78381,1.07933,0.00428,0.87209,0.11981,0.44948
12.43564,13.69406,-0.39638,1.34099,0.01073,-0.43453,0.96426,-0.26377
12.85823,13.84127,-1.76540,1.22886,1.45467,-0.70558,-0.72334,-0.64831
12.53216,13.43856,-2.95885,1.24353,0.47328,-0.99781,-0.15254,0.78676
13.18293,14.24897,-0.48737,0.87155,1.43267,-0.86131,0.30588,-0.25782
13.14350,13.64792,-0.56556,1.14856,0.68778,0.06403,0.23097,0.25151
12.77825,13.31231,-0.97263,0.80159,0.37670,-0.35414,-0.66920,-0.44615
12.49007,13.67083,-2.68912,0.99346,0.68218,0.85061,0.31173,0.65491
12.45366,13.61020,-1.15179,0.83842,0.21348,0.36318,0.75642,0.70234
12.75613,14.02000,-1.18625,0.76506,0.10901,0.53993,0.47367,-0.78938
12.47512,14.09293,-0.79955,1.01532,1.05456,0.40056,0.69418,0.23600
12.64025,13.41207,-1.72237,1.16547,0.08437,-0.72416,0.28365,0.81814
13.10258,13.63130,-0.41793,0.85203,0.17925,0.20595,0.39331,0.30927
12.62234,13.55143,-1.95203,0.84927,1.21880,0.12702,0.12996,0.96092
12.58937,13.55578,-2.08878,1.21486,0.00760,-0.84651,0.32630,-0.10962
13.26374,14.34082,-2.50184,1.02549,0.88863,0.78287,-0.74023,-0.16261
12.46624,14.36532,-1.70975,1.24936,0.12888,-0.81377,-0.17633,-0.60190
12.69351,13.23141,-1.80269,0.87679,0.61359,0.39967,0.39598,-0.71189
12.76473,13.53393,-1.94763,0.96445,0.37569,-0.89978,-0.63947,0.66933
12.52813,13.33568,-0.59527,1.38049,0.52986,-0.93451,-0.73646,0.14806
12.57012,14.05217,-0.02900,1.46712,0.21431,0.76118,0.46383,0.36661
12.94075,13.34531,-1.95236,0.72755,0.35958,-0.26287,0.76661,0.80467
12.71136,14.33342,-0.91023,0.88369,1.00961,0.84104,-0.40096,0.65861
12.53049,14.24583,-0.95726,1.22722,0.56811,0.98729,-0.64719,0.94032
12.40075,13.49349,-0.39628,1.18593,0.46942,0.10007,0.97218,-0.64764
13.07981,14.36267,-0.29241,0.72463,0.31755,-0.10128,0.34345,0.23696
13.04111,13.51599,-2.28821,0.79783,1.18474,-0.08225,-0.56160,-0.48220
13.01202,13.86505,-0.84397,0.83064,0.56510,0.75935,-0.09281,0.52302
13.01777,14.17518,-2.70936,1.49794,1.14504,0.23363,0.62598,0.77724
12.63553,13.45411,-0.63518,1.24097,0.97327,0.11382,-0.05890,0.92891
12.49832,13.92402,-0.76474,0.94585,1.09781,0.94733,-0.10848,0.62201
12.78962,13.81885,-2.31022,1.36752,0.01015,0.46498,0.58357,0.81734
12.47657,13.55111,-1.60236,1.32162,1.45165,-0.69419,0.51238,-0.10627
13.05973,14.30561,-1.96536,1.44430,1.16688,-0.07531,-0.70077,-0.34777
12.80289,13.94385,-2.43515,1.14332,0.16725,-0.67549,0.26348,0.21758
12.71470,14.07361,-1.82364,1.28742,1.10643,-0.27544,0.55714,-0.00462
13.20177,13.46811,-0.54088,0.71221,0.94284,-0.48440,0.57182,0.17062
13.00759,13.48549,-0.81593,0.89799,0.51335,0.12238,0.61738,-0.39964
12.53177,13.27604,-2.99133,0.89702,1.02105,-0.00107,0.39834,0.82367
12.43139,14.25643,-2.33180,1.13819,0.15707,-0.01791,0.61057,-0.27487
13.08542,13.32742,-2.05838,1.06408,1.22417,0.93446,-0.40090,0.80490
13.03003,14.29599,-1.66694,1.34381,0.60641,-0.26529,-0.93225,0.69265
12.56290,13.80707,-1.61516,0.83761,0.96952,-0.30249,0.37789,0.36012
13.22985,13.66133,-2.07406,1.41916,1.27895,-0.59896,-0.48440,-0.30446
12.56965,13.92679,-2.33526,1.41750,1.30705,0.48684,-0.46221,0.99821
13.23343,13.64649,-0.17594,0.97099,1.45685,0.19277,-0.79747,0.91834
13.11329,13.23348,-0.08168,1.08438,0.31809,0.24117,0.35314,-0.80408
12.45231,13.66016,-1.33015,0.77973,0.55602,-0.19722,0.18594,0.08963
12.72944,13.36941,-2.85252,1.46224,0.76776,-0.77998,-0.16005,0.01302
12.89158,14.30416,-1.10019,0.75120,0.39067,-0.60341,-0.19945,-0.80633
12.70001,14.14833,-2.62604,1.16545,0.32760,-0.66130,-0.67876,-0.10555
13.06448,13.52321,-2.54253,1.16531,1.36452,-0.73374,-0.23623,-0.22744
12.75772,13.45595,-2.13128,0.90977,0.13713,-0.76492,0.64988,0.67295
13.01259,13.67857,-0.93095,1.04447,0.03717,0.37060,-0.21881,-0.46733
13.10476,14.21184,-0.66120,1.36050,0.60893,-0.41751,0.44712,0.33419
13.10262,14.02723,-1.23511,1.00888,0.61481,0.98396,0.41549,-0.35628
12.87045,13.20156,-1.29901,0.92499,0.31628,-0.24136,-0.21483,-0.59298
12.57667,13.79272,-1.04540,1.05678,0.89269,-0.00158,0.03785,0.66129
12.66725,13.25672,-1.27527,0.83152,0.50265,-0.61183,0.02687,0.79781
12.96025,13.60631,-1.55721,1.35657,1.28262,-0.95118,-0.53539,0.18751
12.86763,14.10497,-1.67132,1.31252,1.23278,0.61063,-0.76298,-0.96893
12.99590,13.31683,-0.67805,0.71805,0.36416,-0.25548,-0.63864,0.88671
12.76177,13.69665,-1.84753,1.35989,0.43246,0.09783,0.27996,0.73468
13.11250,14.21874,-0.06592,1.40337,1.29789,0.80061,-0.70953,0.31029
12.74797,13.27504,-1.09033,1.02999,0.81537,0.94338,0.13510,0.89063
12.98291,13.59682,-2.30992,1.15190,1.24373,-0.41539,0.57330,-0.51408
12.71422,13.72020,-1.71712,1.05977,0.71917,-0.29554,-0.88965,0.40646
13.17229,13.61013,-2.83096,1.45968,0.54916,-0.42523,0.51997,0.04837
12.77341,13.49400,-2.00191,0.93748,1.04244,0.94483,-0.27787,0.70695
12.61559,14.34651,-1.58721,1.13910,0.53315,-0.57121,0.57158,0.66569
12.73634,13.92552,-2.24344,1.14420,1.15188,-0.17475,-0.30543,0.04582
12.83986,13.66575,-1.46977,0.83126,0.47994,-0.44864,-0.46859,0.79366
12.49269,13.41340,-0.94293,0.77398,1.31580,-0.44721,-0.69853,0.99240
12.45560,13.44870,-0.58963,1.09817,1.12315,0.81283,-0.66555,0.90674
13.27322,13.23215,-2.87225,0.73171,1.17033,-0.68508,0.47311,-0.60303
12.70023,13.73759,-0.44663,1.14981,0.78220,-0.54566,0.04604,0.86952
12.57699,13.84814,-1.80244,0.88191,0.41469,0.73942,0.59682,0.94299
12.62906,13.58229,-0.08251,0.83446,1.27808,-0.41394,0.89663,-0.61577
13.13034,13.80631,-0.34348,1.07659,0.50941,-0.23397,-0.61475,0.96488
12.61786,13.55816,-0.36474,1.40553,0.03268,0.53409,0.75462,-0.83111
13.09303,13.28932,-2.39658,0.96235,0.06281,-0.14893,0.06172,-0.19393
12.95019,13.68545,-1.15194,1.31901,0.76115,0.26953,-0.58485,0.47201
13.26365,13.77992,-2.38085,1.12019,0.44705,0.18235,-0.96359,0.54214
12.50122,13.70225,-2.90717,1.44685,0.42738,0.50105,0.51009,0.58554
12.69052,13.63843,-2.46123,0.84921,1.43853,-0.22148,0.86165,-0.39222
12.62826,13.60799,-2.83335,0.82388,1.04768,0.98375,0.28415,-0.33503
12.61383,13.73262,-0.09272,0.98524,1.12160,-0.18253,0.90244,-0.88513
12.53356,14.00218,-1.38764,1.23764,1.13229,-0.52035,0.47396,-0.74926
13.08135,13.88425,-0.36063,0.94857,0.51258,0.21497,-0.12827,0.55771
12.78116,14.05296,-2.07254,1.13414,1.31417,0.63247,-0.17742,0.64797
12.92836,13.43176,-1.78104,0.95825,0.68971,0.76834,-0.97925,-0.86143
12.85646,14.13784,-0.81057,0.94056,1.13002,-0.38973,0.58984,0.81713
13.15939,13.90878,-0.54611,1.04812,1.29686,-0.67592,0.34661,-0.52380
12.77264,13.81873,-0.93699,1.23912,1.24824,0.90804,-0.91629,-0.18149
12.84253,13.29860,-1.76442,1.10817,0.40744,0.99045,0.23125,0.49968
12.94611,14.29486,-2.83817,0.86359,1.44485,-0.92548,0.99791,0.97952
12.89855,13.21065,-0.91219,1.19017,0.57246,0.40770,-0.15924,0.51102
13.15932,13.68584,-2.81148,1.01081,0.50481,-0.65623,0.32746,0.00664
12.55817,14.34920,-0.33791,0.89830,0.32209,0.29917,-0.00459,-0.43069
12.96424,13.99846,-0.57124,0.96125,0.60612,-0.85757,-0.67594,0.06347
13.24504,13.21520,-1.98237,1.12260,1.22270,-0.44558,0.58886,0.81155
12.56915,13.69299,-0.16856,0.77921,0.42211,0.89908,0.42009,0.02733
12.66536,13.43551,-1.12694,1.07374,1.45744,-0.81340,-0.97397,0.34945
12.70676,14.31579,-2.39590,1.17863,1.07721,0.52810,0.96272,-0.12261
12.79743,13.93406,-0.40543,0.94977,1.49699,-0.44099,0.33589,-0.00632
12.76031,14.10640,-2.98458,1.24256,0.05169,-0.82211,0.94065,-0.33061
12.82548,14.29504,-0.65990,1.13606,1.34302,-0.71509,0.27049,0.06338
13.12503,14.02667,-1.80084,1.35585,0.61526,0.67424,-0.70773,0.21940
13.22419,13.33217,-1.39656,0.95303,0.62832,-0.42803,0.17619,0.37759
12.66631,13.99301,-1.74062,0.89014,0.74468,-0.34683,-0.93036,-0.73570
12.87315,13.44082,-0.25846,0.73585,0.87064,-0.49936,0.24655,-0.83990
12.71630,13.60524,-2.46085,0.74988,0.48270,0.10731,0.65397,-0.13564
13.00946,13.97894,-2.16164,0.76992,1.09940,-0.71992,-0.24514,0.48814
13.29064,14.03424,-1.42789,0.86890,0.40954,-0.71292,-0.00371,-0.69717
12.45304,14.15719,-0.41220,0.96222,0.07638,-0.65175,-0.35629,-0.16398
13.03699,13.75262,-1.67685,1.26456,0.19176,-0.49869,-0.82315,0.07523
12.44400,14.36499,-2.06204,0.89289,1.16888,-0.06666,-0.18801,0.58891
12.70616,13.37306,-1.02295,0.78969,1.38015,0.21276,-0.72549,-0.77956
12.76264,13.67145,-1.06371,1.20136,0.72375,-0.57939,0.69069,0.22426
13.26952,13.66041,-1.78905,1.04496,0.21353,-0.53678,0.89532,-0.86895
13.18176,14.31690,-1.65411,0.93627,0.27724,0.20389,-0.74263,-0.50259
12.98231,13.36341,-0.10109,0.85382,0.12043,-0.66436,0.46268,-0.89778
12.41882,13.43248,-2.41817,1.27473,0.17893,0.53083,-0.77832,0.18304
12.85977,13.85517,-2.42366,1.11913,1.44707,0.17200,-0.19588,0.44996
13.24073,14.37962,-2.92830,1.49870,1.27475,-0.78664,-0.38844,-0.90668
12.71959,14.37692,-0.09501,1.23473,0.70720,-0.57895,-0.52794,0.05755
12.49552,14.13805,-0.26617,0.89133,0.64474,-0.21312,0.29841,0.20447
13.10903,13.84592,-2.89414,1.17744,0.97619,-0.66978,-0.31223,-0.30119
12.46424,14.10010,-1.48049,1.25527,0.85874,0.99948,0.38119,-0.93914
12.58897,13.64499,-1.37687,1.23108,0.24185,-0.85658,-0.36980,-0.41261
13.13762,13.33071,-1.66625,1.32899,0.18275,0.15422,-0.18290,-0.33339
12.43584,13.24908,-0.13076,0.87616,1.37671,-0.20176,0.83227,0.54824
13.07104,14.28190,-2.40625,1.15312,1.49678,0.97559,0.97907,0.70301
13.24263,14.36551,-2.21524,1.13545,0.17110,-0.14542,-0.28198,0.61611
13.11675,14.39027,-2.55651,0.93699,1.25183,0.71965,0.71889,-0.09501
12.83694,13.46268,-0.69453,1.21407,0.45038,-0.02266,-0.87991,0.73860
12.65133,13.36810,-2.53098,1.07022,0.66382,-0.09543,-0.21782,0.47545
13.20954,14.28929,-0.01352,1.31293,1.13324,0.28112,-0.06748,0.16387
12.96278,13.97662,-1.09914,1.03424,0.63432,-0.55155,-0.57836,0.27455
13.22706,14.38293,-2.41782,1.44537,1.14323,0.77166,0.16468,0.48705
13.00526,13.42751,-1.22120,1.28549,0.99401,-0.75462,0.41540,-0.81655
12.75703,13.20556,-1.89228,0.93907,1.07226,-0.09152,-0.04080,0.31374
12.65416,13.80654,-2.39517,0.83620,0.16959,0.67450,0.25115,0.57849
12.94423,14.33879,-1.46341,1.03316,0.68242,0.70569,0.33887,0.10072
12.52758,13.50387,-2.36409,0.86453,0.03800,-0.58969,0.51606,0.53824
13.26680,13.75600,-1.31458,1.11907,0.35123,-0.76591,0.52242,0.51274
12.91565,13.45225,-1.00739,0.80582,0.04758,-0.10145,0.80698,0.30689
12.40643,13.29105,-0.58257,1.15406,0.11940,0.27568,0.05141,0.91694
